csf	white_matter	global_signal	std_dvars	dvars	framewise_displacement	t_comp_cor_00	t_comp_cor_01	t_comp_cor_02	t_comp_cor_03	t_comp_cor_04	t_comp_cor_05	a_comp_cor_00	a_comp_cor_01	a_comp_cor_02	a_comp_cor_03	a_comp_cor_04	a_comp_cor_05	cosine00	cosine01	cosine02	cosine03	trans_x	trans_y	trans_z	rot_x	rot_y	rot_z
439.699409122925	451.64545994173017	525.3872063713019	0.0	0.0	0.0	-0.0931415247	-0.0470093163	0.1101077509	-0.1321796121	0.1994612708	-0.1363061635	-0.0998708613	-0.00728608	0.0017796616	-0.0080728148	0.0309454164	-0.0223931366	0.1091041759	0.1090898686	0.1090660245	0.1090326458	-0.00023349599999999997	-0.07688499999999998	0.062321	0.000732278	0.000351625	0.000841087
439.47163963274636	451.103437204807	525.1550304174735	0.940416	14.937284	0.05554314400000001	-0.091190302	-0.0757955691	0.0846804463	-0.0265167512	0.122706923	-0.0595562208	-0.0194371166	-0.0423080224	0.0167347812	-0.0120989298	0.0887767469	-0.0061711327	0.1090660245	0.1089372966	0.1087228625	0.108422891	-0.00618689	-0.07839489999999999	0.056772800000000005	0.00011221899999999999	0.000187469	0.0007746689999999999
439.74449778966164	450.98150469367255	525.3247353012623	0.88571	14.068359	0.05411219600000002	-0.0517777671	-0.0126469272	-0.0146650529	0.0039824526	0.06050698860000001	0.0745376046	0.0090956579	-0.0532057389	-0.0303881765	-0.0529253953	0.0199224589	0.0147760767	0.1089897352	0.1086323659	0.1080376181	0.1072067914	-0.000227194	-0.0698929	0.08310239999999999	0.00014347	0.000363949	0.000715982
440.7726201913719	450.6002613247885	525.6066460223561	0.8643849999999998	13.729636	0.057666734000000004	-0.0255515008	0.0049375906	-0.0448334873	0.0771235116	0.0209633745	0.0582835535	0.0601952338	-0.0831948901	0.0035775264000000007	-0.037010692000000005	0.0269463523	0.0025052517	0.1088753345	0.108175503	0.1070124473	0.105391148	0.00249169	-0.07470699999999998	0.0603373	0.000201685	0.000818487	0.0006813619999999999
440.1154422121346	450.67895876904544	525.6567753006694	0.8308469999999999	13.196932	0.051438410999999996	-0.0324343329	-0.0217426083	0.0031733795	0.0635077135	0.0307509961	0.0457304607	0.0498325416	-0.0898192564	-0.0208254976	-0.079328709	0.0085155266	-0.0009379559	0.1087228625	0.1075673469	0.1056505759	0.1029861145	-0.000226071	-0.0842039	0.0850794	0.000183417	0.000548007	0.000682247
440.5468279342143	451.1347768215882	525.9550062934609	0.8484290000000001	13.476189999999999	0.071358746	0.0365212732	-0.0449159896	0.0183562831	-0.0007431133999999999	0.1002804297	-0.0299881694	0.0264400725	0.0020050675	0.0101787287	-0.0997199265	0.0237486592	0.0792442609	0.1085323724	0.1068087481	0.1039562886	0.1000051409	-0.000283267	-0.049300800000000006	0.0690095	0.000253938	0.000564314	0.00100199
439.97191835636596	451.2475430340081	526.0600538807878	0.815986	12.960878999999998	0.100657787	0.0355489196	-0.0400882208	0.0348794497	0.0170500356	0.1136197287	-0.0206722679	0.0172148239	-0.0013367204	-0.0133132656	-0.0964485599	-0.0576874238	-0.08884384779999999	0.108303931	0.1059007676	0.1019349164	0.0964648979	0.00625297	-0.10381199999999999	0.0622702	0.000630291	0.00043621199999999995	0.000849024
441.6691209047149	451.66390037796754	525.8429086372319	0.912751	14.497859	0.1128065	0.0779915221	-0.0285754387	0.0261326682	-0.008732773000000001	0.1090788658	-0.1435735849	-0.0246741825	0.09058138	0.0687268983	-0.1050568621	0.0866273406	-0.0245297767	0.1080376181	0.1048446753	0.0995928192	0.0923851842	0.00542692	-0.029981099999999997	0.048101599999999994	0.000504362	0.00028842799999999997	0.000643118
441.0759509983773	451.4296330096467	525.6903512605008	1.053553	16.734316	0.133472926	0.0696889985	-0.0234780773	-0.0558698238	-0.0271909809	0.0309310064	0.008775791	0.0095229827	0.0593682584	-0.0986487446	-0.1097832284	-0.0397734016	-0.06977293080000001	0.1077335267	0.1036419483	0.0969373661	0.087788815	-0.000193206	-0.102268	0.0623533	0.00105238	0.000511414	0.000587838
441.0816888510661	451.2767341699141	525.6583409660184	1.16624	18.524207999999998	0.069928752	0.0974757172	0.0319771434	0.0737581598	0.0549123899	0.0747113367	0.017172521399999998	0.009358417	0.0804713504	0.1164569552	-0.0969850366	0.010961174099999998	0.0371935934	0.1073917633	0.1022942687	0.0939769123	0.0827014951	-0.00018660400000000002	-0.048239599999999994	0.0623739	0.00105521	0.00019678099999999999	0.000587838
440.06760092687836	451.0816039937514	525.2938030499931	1.239649	19.690214	0.07936585699999997	0.0913297198	0.0039593418	-0.0614194305	-0.1182585304	0.0060623748	0.1673405539	0.0370151904	0.0473391999	-0.1315543293	-0.0854302912	-0.0080309254	0.0970793536	0.1070124473	0.1008035212	0.0907207723	0.077151675	-0.000176197	-0.0482795	0.104244	0.000503082	-0.0	0.000587838
440.0406950500812	451.0780701989528	524.9351736503644	1.254256	19.922232	0.190886047	0.0909979115	0.046130473600000006	0.14095692769999998	0.0182757328	0.0538350154	0.1787913602	-0.0016933870000000002	0.033471124	0.1007096379	-0.0230828521	-0.1315635238	0.1198633613	0.1065957114	0.0991717909	0.08717919119999999	0.07117039139999999	0.019015900000000002	-0.09352619999999999	0.0634726	0.00165259	-0.000564009	0.000587838
441.0108573857799	451.3340131677632	525.9916285461371	1.120487	17.797476	0.14381122	0.0522621149	0.0908313384	-0.0696354203	-0.1148640662	-0.0556805493	0.1093446136	-0.0366234794	-0.003039331	-0.0701715014	0.0246206675	-0.0450851106	0.1687144977	0.1061417014	0.0974013599	0.0833633121	0.06479109400000001	0.00296013	-0.0500902	0.0681105	0.000485969	-0.000136999	0.000587838
441.32892051725656	451.66959924422713	526.5508299568984	1.1088040000000001	17.611919	0.11683688	-0.0286306877	0.2290629614	0.0313374752	0.0635080356	-0.041937139500000005	0.0909936815	-0.1104014962	-0.0708105989	0.0838930294	0.0582744238	-0.1146600023	0.0838763336	0.1056505759	0.0954947043	0.0792851412	0.05804945860000001	0.00499476	-0.09019719999999999	0.0551788	0.00129423	-0.000564009	0.000587838
441.29604417212096	451.94373379048596	526.9896834247085	1.102686	17.514742000000002	0.16938810999999998	-0.0926957961	0.1377680472	-0.121242268	-0.0132888174	-0.0860341234	-0.0023043239000000004	-0.0992320058	-0.0831541526	-0.0683302559	0.07402660000000001	0.0574671125	0.0533689367	0.1051225066	0.0934544907	0.0749575099	0.0509831871	-0.00350714	-0.00610724	0.041543300000000005	0.000729597	0.000134573	0.000587838
439.5775572918389	451.7795118758708	526.7444428573566	1.0301799999999999	16.363073	0.130814815	-0.1417028496	0.0684089367	-0.0037059762	0.1027634892	0.0019339995	0.037345942	-0.0952560193	-0.0888429356	0.0322802975	0.0168934179	-0.0390715359	-0.06632986769999999	0.1045576784	0.0912835726	0.07039403450000001	0.043631796900000006	-0.00849503	-0.107351	0.0486479	0.000599165	-8.456629999999997e-05	0.000587838
440.0254974943109	451.6486702201036	526.7021397529294	1.08707	17.266704999999998	0.198051035	-0.0731134469	-0.0349661861	-0.10138057	-0.0368689137	0.0513626675	-0.0469071515	-0.0321044651	-0.0091743551	-0.0610646234	-0.0131517786	0.1708017616	-0.0374920799	0.1039562886	0.0889849861	0.06560907349999999	0.0360364	-0.00688211	0.0294519	0.044272000000000006	-0.000193523	0.000227932	0.000587838
438.85947278169607	451.3714332342797	526.8637477410546	1.17256	18.624588	0.29312109999999997	-0.0756889523	-0.07885847509999999	-0.042777095300000005	0.0467875765	0.037814244	0.032123321	0.0191813044	-0.034429455299999995	0.014144348700000003	0.0338128502	-0.0752351726	-0.1909621111	0.1033185475	0.0865619461	0.0606176821	0.028239473	0.00326634	-0.15925999999999998	0.015235499999999999	0.000969701	0.00036919300000000003	0.000587838
440.533219918716	451.418674927654	527.255647394793	1.0435390000000002	16.575257999999998	0.26454458	-0.0362732969	-0.043273777	-0.0905973293	0.0107215985	-0.007450491	-0.0422815537	0.0265093233	-0.0313951177	0.0150983275	0.0023689209	0.1015496816	-0.0540379285	0.1026446782	0.0840178413	0.055435565	0.0202846193	-0.005610100000000001	0.00022753	0.0261428	-0.000217756	8.62398e-05	0.000352782
440.5799368949994	450.9874192375489	527.405861386545	1.007179	15.997728	0.160470925	-0.0105860676	-0.043757669000000006	-0.0124622823	0.1118262601	-0.0887362683	-0.0051559659	0.06154665	-0.0542211118	0.0107876903	0.0271147334	-0.0628777493	-0.1173601892	0.1019349164	0.08135623	0.0500790271	0.0122163259	-0.00572534	-0.0741584	0.00507977	0.0008559909999999997	4.29263e-05	0.00017170799999999996
441.38122026912913	451.2188496156794	527.7604493351224	1.026045	16.297398	0.136588391	0.0073740436	-0.0198401968	-0.1442910225	0.0331769795	-0.0924128253	-0.07613058219999999	0.0772615168	-0.0243781599	0.0194193052	0.006700574	0.0750088896	0.0415227754	0.10118951	0.07858083469999999	0.044564922	0.0040797138	-0.00118535	0.00245313	-0.000202421	-9.66911e-05	9.33378e-05	0.00017170799999999996
440.614325241857	451.1951499637091	527.6522381242319	1.135724	18.039507	0.166639224	0.0711576117	-0.0294315423	0.0025336313	0.0725090338	-0.1359507068	0.06804853200000001	0.08611192990000001	0.0192091121	-0.0390263105	0.017153668700000003	-0.1408861038	-0.05661125230000001	0.10040872	0.07569553700000001	0.0389105992	-0.0040797138	-0.00560286	-0.0832789	-0.00791844	0.000793538	0.000238974	-0.00016790000000000002
440.53174668626883	451.4080818385517	527.8337288243985	1.175627	18.673315	0.20476056334000003	0.0573819435	-0.0251837806	-0.0027097372	0.0285334483	-0.0148554168	-0.1181172073	0.0430936789	0.0564075906	0.1045469341	0.014272806599999997	0.0716662138	0.0483943807	0.0995928192	0.07270437219999999	0.033133849300000004	-0.0122163259	0.024726599999999998	-9.10287e-05	-0.025473	-0.00019254	-8.0795e-05	2.6440799999999997e-08
441.3496620793409	451.65803560584885	527.2020929207811	1.314424	20.877924	0.13566390426000002	0.1012175064	-0.0449248779	-0.0160870109	-0.0396456405	-0.1575911069	0.0651198508	0.05665458230000001	0.1196887846	-0.1525219034	0.0578876955	-0.0812850864	-0.0379814961	0.0987420929	0.0696115238	0.027252848	-0.0202846193	-0.013160499999999999	-0.058449	-0.017580099999999998	0.000231702	-6.66339e-05	0.00019214200000000002
439.97893559512715	451.4914329421558	526.5955749395337	1.303766	20.708626000000002	0.0498745	0.0685130745	-0.07856771259999999	0.1171165707	0.06683933980000001	-0.0503201557	-0.0178926128	0.0518899768	0.0832138271	0.127353224	0.0225338985	-0.0083764443	-0.0013048984	0.0978568387	0.0664213173	0.0212860992	-0.028239473	-0.00603258	-0.0500171	-0.0247833	0.00046831	-7.714949999999997e-05	-0.000102964
441.83241709069483	451.5957047745907	527.2232910285296	1.221207	19.397291	0.103334425	0.08399850519999999	-0.034645387400000005	-0.081067454	-0.1049275897	-0.1274525065	0.08533499789999999	0.0308747713	0.087870348	-0.1383426528	0.026306169	-0.0381327172	0.042161324900000005	0.0969373661	0.0631382147	0.0152523765	-0.0360364	0.00961355	-0.027780000000000003	0.00605172	0.000390555	-0.000564009	-0.000230673
442.1421448280629	451.7156961871738	527.5303928691259	1.175465	18.670732	0.07785704	0.1115683738	0.0463599682	0.0285853174	0.1131491734	-0.0836296493	0.0226658578	0.0048581823	0.0832833501	0.1176437651	0.0019282735	-0.0914625614	-0.024089831800000003	0.0959839967	0.0597668075	0.0091706641	-0.043631796900000006	0.00603221	-0.08143409999999998	-0.00150943	0.000598627	-0.000564009	-0.00017753599999999998
442.2202261477598	452.07825855632484	527.1935213201114	1.036646	16.465779999999995	0.12108897499999995	0.1061973354	0.0070101971	-0.0490886531	-0.1088552688	-0.0664129772	-0.0141433032	-0.0024913806	0.12940882869999998	-0.082804772	0.03541496	0.0126428987	0.062225355	0.0949970637	0.05631181110000001	0.0030600974	-0.0509831871	0.00329382	-0.00183791	-0.00700995	0.00019272200000000002	-0.000396949	-8.54235e-05
442.0056382110554	451.9727092487751	527.2728977007753	0.9911390000000002	15.742965	0.148870145	0.0969411172	0.0288708988	0.1152704957	-0.016020914	0.0295312262	0.0139680002	-0.0456633302	0.104830997	0.0486181913	-0.0129518667	-0.1125693354	0.0793824018	0.0939769123	0.0527780575	-0.0030600974	-0.05804945860000001	0.0095656	-0.08829679999999998	0.027781200000000002	0.00030737900000000004	-0.000564009	-0.000230673
441.5254807411212	452.422156516329	527.3645222238921	0.98661	15.67102	0.19329974	-0.0509902256	0.0779071463	0.0238596284	-0.13563541369999998	0.0210741441	-0.0609100574	-0.1250163611	-0.0006506394	-0.0222315482	0.08844361029999999	0.08628129699999999	0.0710530095	0.0929238992	0.049170489000000005	-0.0091706641	-0.06479109400000001	-0.00379969	0.0076	0.014129	-0.000337071	-0.000275287	0.00024386400000000002
442.13392574177897	452.243044550861	527.7393378798739	0.9288290000000001	14.753241000000001	0.17292811099999994	-0.0312893828	0.1036624188	0.0199131655	-0.0401897389	-0.044299206900000006	-0.0149675167	-0.1225717318	-0.0232694974	0.0288594912	0.08156602190000001	-0.061748702300000013	0.0078230765	0.0918383927	0.0454941512	-0.0152523765	-0.07117039139999999	-0.000668729	-0.100088	0.0188178	0.000497784	-0.000318155	-2.682e-05
442.186458109301	452.04326071535104	527.6789868358902	0.967361	15.365279999999998	0.19010343100000002	-0.0855166222	0.037003192	-0.0402599729	-0.0975058499	0.0282646565	-0.0566794134	-0.073075645	-0.032072020699999995	0.0354574324	0.0634651916	0.1202212406	0.059711784800000015	0.0907207723	0.0417541856	-0.0212860992	-0.077151675	-0.0120902	0.0157434	0.00331757	-0.000272609	-0.00019754	-8.281860000000001e-05
441.2590582838436	451.81322394643684	527.7097856100198	1.064891	16.914411999999995	0.15505315	-0.1229573863	0.0423747766	0.0800431779	-0.0167371493	-0.1165750083	0.0140852821	-0.0399465902	-0.06392042490000001	-0.08422728460000001	0.1344119391	-0.097942238	-0.0382018953	0.0895714288	0.0379558231	-0.027252848	-0.0827014951	-0.01081	-0.0829682	0.0122716	0.000412129	-3.0096999999999997e-05	-0.000152784
442.1840544142557	451.73641782897346	527.8258800455095	1.0905770000000001	17.322403	0.162208665	-0.1029983639	0.0323186905	0.08611047849999999	0.0360043239	-0.0635268696	-0.0627862973	-0.023728227200000004	-0.0771938065	0.0822857158	0.07440354219999999	0.0631214009	0.0225742023	0.0883907642	0.0341043759	-0.033133849300000004	-0.087788815	0.00400323	-0.007317889999999999	-0.0249148	-6.45855e-05	-0.000166668	-0.000230673
440.7873912851178	451.6984253872431	527.1154506472773	1.15612	18.363472	0.093843835	-0.1123846992	0.03317712	0.010943915	-0.0803268958	-0.1210696659	0.0118950805	-0.02788928	-0.0733551901	-0.1019938291	0.1021609846	0.033283687	0.0123954166	0.08717919119999999	0.0302052306	-0.0389105992	-0.0923851842	-0.00903192	-0.025485499999999998	0.02337	-0.00027932	-0.000156863	-0.000168087
441.5716549475558	451.5946180912137	527.0972665395169	1.183242	18.79426	0.11355489999999994	-0.1229967847	0.0075151474	0.0777249055	0.1056638856	-0.0932250574	0.07114461799999999	-0.0021922184	-0.0988961846	0.0600353609	0.0709903682	-0.06566264969999999	-0.0295332163	0.08593713359999999	0.0262638406	-0.044564922	-0.0964648979	-0.00631965	-0.0700342	-0.00471415	0.000355277	-8.98504e-05	-0.000230673
441.4433674168323	451.7817018332106	528.3628860374607	1.15921	18.412542000000002	0.138130794	-0.1284859006	-0.0139646249	-0.2060119201	-0.0517822515	-0.0320487057	-0.0305040825	-0.0174662873	-0.1248744635	-0.0655272317	0.0575949287	0.1162651371	-0.0480760161	0.0846650256	0.0222857183	-0.0500790271	-0.1000051409	-0.00100016	0.0007708739999999997	-0.0158882	-0.000538062	-0.000213155	-0.000230673
441.97896494990766	451.9014526822982	528.9200196289527	1.110848	17.644381	0.135177774	-0.0709993692	0.0588951324	-0.015858995600000002	0.1222352116	-0.0802365246	0.0142002298	-0.0140364005	-0.08068381179999999	-0.0020058231	0.0694640432	-0.0726704096	-0.1370375931	0.0833633121	0.0182764273	-0.055435565	-0.1029861145	-0.00512611	-0.0799821	-0.020093700000000003	0.00027288	-0.00019573599999999998	-0.000324179
441.37051994925	452.096192979692	528.7591350008285	1.093702	17.372034	0.20639162	-0.0958158911	-0.0268842657	-0.090098847	-0.0229472701	0.0375704908	-0.1709239989	-0.0205438498	-0.0341371819	0.05728080660000001	0.0693653399	0.1554963409	-0.1194130746	0.0820324483	0.0142415751	-0.0606176821	-0.105391148	-0.00134299	0.013397799999999998	-0.0559645	-0.0007324969999999999	-0.000564009	-0.000230673
441.6018562127217	452.1916303251305	528.5586383396876	1.122015	17.821754000000002	0.1878487	-0.0708774346	-0.0606859283	-0.0062467808	-0.01544396	0.0055818299	-0.0646733397	-0.0097475954	0.008147371700000001	-0.0772521217	0.0558737632	-0.0295678309	-0.165231892	0.0806728995	0.0101868048	-0.06560907349999999	-0.1072067914	-0.00891159	-0.07985969999999999	-0.0181375	0.000129605	-0.000442199	-0.000230673
440.8430639639087	451.83973570271866	528.027655503784	1.155749	18.357578	0.13213006	-0.0662770593	-0.0623332476	0.0034204358	0.0201195482	0.0404611786	-0.1555451615	0.028800198	-0.01208134	0.1251740888	0.0771522885	0.15954060539999998	-0.092332246	0.0792851412	0.0061177874	-0.07039403450000001	-0.108422891	-0.013640200000000002	-0.0181933	-0.047550999999999996	-0.00022819	-0.000810835	-0.000230673
441.9772978710859	451.5307194495872	527.508507999952	1.203625	19.118026999999998	0.08130215	-0.0437287349	-0.1208163602	0.0026077441	-0.0883379997	-0.0390133672	-0.0150734911	0.0673195477	-0.0036815853	-0.1306384769	0.0607616104	-0.0179968598	-0.0351709193	0.0778696586	0.0020402136	-0.0749575099	-0.1090326458	-0.0136377	-0.0459219	-0.013290399999999999	-0.00028132200000000003	-0.000968051	-0.000406534
440.4603336818588	451.03174098780335	527.7403163534376	1.186185	18.841002	0.09662615	-0.0335436943	-0.1207209457	0.0709236883	0.1131516914	-0.0235175099	-0.07347749469999999	0.1356307935	-0.0303872886	0.1039064722	0.047443743600000005	0.0293036815	-0.012341147	0.0764269467	-0.0020402136	-0.0792851412	-0.1090326458	-0.0115889	-0.0550514	-0.043013199999999994	0.000417746	-0.0007284789999999998	-0.000230673
441.8526934214801	451.3664145820424	528.603151351968	1.153108	18.315624	0.14795517	-0.0023192011	-0.056379382	-0.038103412	-0.0225716584	-0.054610522300000006	0.0106765045	0.0838086749	-0.0712725986	-0.0814105447	0.0328528204	-0.0395693456	0.0512361358	0.0749575099	-0.0061177874	-0.0833633121	-0.108422891	-0.0136295	-0.00433675	-0.00473878	-0.00024329	-0.000251005	-0.000230673
443.2663762623096	451.7189396467189	529.6922715490017	1.112142	17.664938	0.15572392	0.0948746894	0.0528575834	-0.0398757735	0.1059903112	-0.0537441347	-0.1119395626	0.0585546214	0.0392701057	0.1189235129	-0.008459554000000001	-0.0579910088	0.0207332083	0.0734618621	-0.0101868048	-0.08717919119999999	-0.1072067914	-0.0136385	-0.07197289999999999	-0.0384195	0.000423976	-0.0006717	-0.000230673
442.6864654479961	452.29236836276687	528.9124787086348	1.0693409999999999	16.985094	0.15913705000000006	0.0753863529	0.011087313400000002	-0.0200450999	-0.0009575851	-0.0332713479	-0.1042865934	0.0045857218	0.0681526438	-0.0650036517	-0.0296408859	-0.007540893199999998	-0.0115834119	0.0719405264	-0.0142415751	-0.0907207723	-0.105391148	-0.00454682	-0.0135531	-0.00290173	-0.000582941	-0.000556461	-0.000230673
442.2108052139532	452.4975441386972	528.0332061076816	1.061967	16.86796	0.111087095	0.0814540866	-0.0318050701	0.13355435359999998	-0.0250024145	0.1026427228	-0.1709020365	-0.005510194499999999	0.1290162407	0.0758197678	-0.0153069722	0.0206285779	-0.0368333517	0.07039403450000001	-0.0182764273	-0.0939769123	-0.1029861145	-0.013645099999999999	-0.0523293	-0.015204800000000001	2.3659899999999997e-05	-0.000968051	-0.000230673
440.8886178619445	451.8086034682613	527.1518355474643	1.050325	16.683056	0.101782845	0.0607690889	-0.1423659694	0.0110057773	-0.0999164942	0.0722695387	-0.0546511756	0.0826293416	0.07693828559999999	-0.0674643541	-0.0205208431	0.0854340239	-0.0259659103	0.0688229275	-0.0222857183	-0.0969373661	-0.1000051409	-0.013645099999999999	-0.0208627	0.024781400000000002	-0.000582941	-0.000968051	-0.000230673
440.0359264292656	451.4101971382548	526.8588828221399	1.0217250000000002	16.228774999999995	0.10806053	0.068168681	-0.1292651976	0.1944939641	0.0424360443	0.026155428	0.034750128	0.1327237974	0.0611551684	0.0996870392	-0.0382883628	-0.0207589783	0.0011145912	0.0672277545	-0.0262638406	-0.0995928192	-0.0964648979	-0.0136328	-0.0499755	0.00390002	0.000450421	-0.000968051	-0.00035839199999999997
439.6306711984847	451.22823988730363	527.2770037375493	1.001694	15.910612	0.12755858	0.0377362003	-0.1519092544	0.031072279	-0.0823972478	-0.0124561691	0.0919957625	0.13501935310000002	-0.0118966181	-0.08607968	-0.0092029455	0.0512158428	0.08838433710000003	0.06560907349999999	-0.0302052306	-0.1019349164	-0.0923851842	-0.013645099999999999	0.012965200000000001	0.0181277	-0.00042941800000000004	-0.000968051	-0.000230673
441.4385212574668	451.8485121226642	528.5181387913193	1.032485	16.399691	0.15524551	0.051637608	-0.022501013	0.0654265161	0.044329419800000006	0.0016661036	0.0679549507	0.0535616567	0.0018688076	0.07603438559999999	0.0093408425	-0.08716346050000001	0.0720823366	0.0639674504	-0.0341043759	-0.1039562886	-0.087788815	-0.00496619	-0.0699172	-0.015191299999999998	0.00017788599999999998	-0.000968051	-0.000230673
443.2592039464487	452.3828865994837	529.7003641389699	1.050799	16.690577999999995	0.11393815999999996	0.0559747178	0.0760845091	-0.1107133456	0.029432634	-0.0631265263	-0.0061202966	-0.0187081938	0.0293967792	-0.0430107074	-0.018438957	-0.0246028485	-0.0112767073	0.0623034593	-0.0379558231	-0.1056505759	-0.0827014951	-0.013645099999999999	-0.0122517	0.0040715000000000005	-0.00038873300000000005	-0.000968051	-0.000230673
443.76301067408633	452.98167402609283	529.3381238597053	1.030565	16.369184	0.07765624999999997	0.09646279	0.1143252535	0.0344102233	0.0453976224	-0.0077458878	-0.1093435203	-0.0652664481	0.1348512108	0.0805323163	0.0139365591	-0.0258624087	-0.043105469900000006	0.0606176821	-0.0417541856	-0.1070124473	-0.077151675	-0.013656799999999998	-0.0417285	-0.0312058	-0.000408789	-0.000730298	-0.000230673
443.4068761146343	452.81131359469146	528.4120842050673	1.106225	17.57095	0.11778	0.1102306608	0.0549324631	0.0085994234	-0.0697916634	-0.0349901054	-0.0902297494	-0.0432115169	0.1802549371	-0.063221288	0.021054532200000003	0.0347476552	-0.032400843900000004	0.0589107081	-0.0454941512	-0.1080376181	-0.07117039139999999	-0.013640600000000001	0.00710175	-0.025899000000000002	0.000336944	-0.0012571	-0.000230673
443.351474820768	452.6289415790924	527.7792066411054	1.2128940000000001	19.265255	0.14941515	0.1148380549	0.07754903490000001	0.1164403951	0.04446631	0.0100576269	-0.0430500946	-0.0401265471	0.1825814701	0.0729957417	0.006967085600000001	-0.0176170114	0.0059936399	0.0571831344	-0.049170489000000005	-0.1087228625	-0.06479109400000001	-0.013687200000000002	-0.07392	-0.0137692	0.000155514	-0.000721086	0.00017622299999999998
443.2975467593485	452.3661881747668	527.909847394019	1.193445	18.956322	0.15722950999999996	0.1269485876	0.0197560631	-0.0898197131	-0.0748033329	-0.0886970155	0.0125578038	0.0430539413	0.1594024201	-0.0652780679	0.053093762	0.060366718	0.0573701583	0.055435565	-0.0527780575	-0.1090660245	-0.05804945860000001	-0.0231112	-0.00644954	-0.0101005	-0.000591969	-0.00145249	0.000121783
442.5948924206256	451.9222655723204	527.7099933607263	1.250984	19.870260000000002	0.14042675999999998	0.1194527099	0.0040820433	0.1683118062	0.0944731745	-0.0756692909	0.0704643764	0.0694394435	0.0946254841	0.1094074776	0.0127532752	-0.0601566434	0.0167091004	0.0536686109	-0.05631181110000001	-0.1090660245	-0.0509831871	-0.0225025	-0.06447699999999999	-0.024772400000000003	0.00039794900000000003	-0.00145249	-0.000230673
441.04253188339277	451.43735592738716	527.4638814244627	1.175007	18.663462	0.13222423	0.1043166476	-0.1114210525	-0.0135819464	-0.0747011665	-0.0888130223	-0.0028824090000000003	0.1692202341	0.0765120011	-0.030482428	0.0716892103	0.0557087846	0.1107645964	0.0518828902	-0.0597668075	-0.1087228625	-0.043631796900000006	-0.0250238	0.00752348	-0.0205926	-0.000482764	-0.00164223	-0.000230673
441.038383570976	450.88845639260484	527.3616519271218	1.130738	17.960314	0.15443778	0.0499116959	-0.1122507834	0.0543554622	0.073335308	-0.0313665242	0.0915362992	0.183046232	-0.0489958557	0.06540223349999999	-0.0114940897	-0.0838306983	0.077993575	0.0500790271	-0.0631382147	-0.1080376181	-0.0360364	-0.013641	-0.0876741	-0.0239282	0.00040612199999999997	-0.00164378	-0.000230673
439.55604034425596	451.057912637074	527.6261384990071	1.365851	21.694769	0.37906398	0.0199836706	-0.0651258249	-0.0768602582	0.0367091901	0.0858290159	0.1436381587	0.12774156	-0.1169783709	-0.0202694464	-0.1403726511	0.0688308481	0.0988723487	0.0482576524	-0.0664213173	-0.1070124473	-0.028239473	-0.0019695	0.00951623	0.052266099999999996	0.000780862	0.0005510140000000001	0.00107995
440.48964325370133	451.7505032364098	527.9872194646988	1.0781450000000001	17.124928	0.12808600799999995	0.0236102662	-0.0106897104	-0.0607855658	0.0687774293	0.08602247939999999	0.217782114	0.0277851118	-0.133511398	-0.0421835164	-0.1259143124	-0.1142184891	0.1234830373	0.0464194031	-0.0696115238	-0.1056505759	-0.0202846193	-0.000148572	-0.07515989999999999	0.0802432	0.0005963930000000001	0.0005510140000000001	0.0009921819999999999
441.8409075619032	452.80997805252576	529.0010273371131	1.038424	16.494017000000003	0.109592872	-0.0168647279	0.1219441105	-0.004596272199999999	0.024083274900000003	0.0889682697	0.1157634542	-0.1128733665	-0.053564956	-0.0281001542	-0.0860141835	-0.0590580914	0.0933457023	0.044564922	-0.07270437219999999	-0.1039562886	-0.0122163259	0.0118695	-0.0401969	0.022244	0.000682792	0.000551015	0.0009980339999999999
443.21337866348847	453.3074550662848	529.8462035250182	0.9153899999999999	14.539785	0.094376759	0.0051573022	0.1960646955	-0.0655390126	0.0656092867	0.1151015232	0.0783331679	-0.17778920239999998	-0.0131133102	0.0293445155	-0.1154790863	-0.1123848067	-0.0677288208	0.0426948575	-0.07569553700000001	-0.1019349164	-0.0040797138	0.000165941	-0.08635289999999997	0.0338725	0.00037119999999999997	0.000551015	0.0008118519999999997
443.3671376078372	453.4711460821509	529.9671424272733	0.9394129999999999	14.92135	0.164882969	-0.0471191264	0.2021402296	-0.0681110253	-0.0535592843	0.1129253459	-0.063212406	-0.2221094186	-0.0107695906	-0.0167706208	-0.0400817081	0.0172682544	-0.0412638749	0.0408098635	-0.07858083469999999	-0.0995928192	0.0040797138	0.024129499999999998	-0.0136409	-0.00698351	0.00022144	0.0007827000000000001	0.000977435
442.5332492734964	453.2911299297508	529.3444349603918	0.93353	14.827909	0.15063273000000002	0.0640612032	0.1064145171	0.0377545722	-0.0359248736	0.1477690188	0.006549215600000001	-0.1545747213	0.1006495652	0.0260168144	-0.0987990905	-0.0830170104	-0.0704237252	0.0389105992	-0.08135623	-0.0969373661	0.0122163259	-0.00221632	-0.0870895	0.014028299999999999	0.000353662	0.000551015	0.0007448119999999998
441.4565102010315	453.15283080561767	528.7248857349325	1.071877	17.025372	0.11691387999999996	-0.1184557008	0.0422500633	0.0094788381	-0.1704066689	0.17085081300000002	-0.042070698600000005	-0.1799995331	-0.0303990896	-0.0737818419	-0.0360564807	0.14583094359999998	0.0369040062	0.0369977288	-0.0840178413	-0.0939769123	0.0202846193	-0.00101364	0.0131046	0.0150528	0.00019470599999999998	0.000551015	0.000875708
442.3601056916857	452.8336362280313	528.8154445937673	1.1006770000000001	17.482832000000002	0.22681874	-0.0767696634	0.1137862035	0.0195689863	-0.0381281281	0.021734642400000004	0.0632822069	-0.1257931959	-0.0454643718	0.0482206766	0.0171193038	-0.0810278245	-0.02467257	0.035071921	-0.0865619461	-0.0907207723	0.028239473	0.0118424	-0.14461500000000002	0.014900499999999999	0.0011489	0.000634331	0.0009600139999999999
442.91586324772163	452.3841889604775	528.2384422837957	1.142435	18.146091000000002	0.27344414999999994	-0.0850834433	0.0439582766	-0.0351689957	-0.0548065275	0.0451118166	-0.0103230353	-0.0576583617	-0.0745801054	-0.06323362	-0.0374111362	0.1325913779	0.06324306	0.033133849300000004	-0.0889849861	-0.08717919119999999	0.0360364	0.0118806	0.0235662	0.0326047	-0.000132703	0.000380725	0.0007448119999999998
441.1452704619416	452.022962133492	527.6265938282921	1.0827360000000001	17.197857	0.22802332	-0.1177588332	-0.0039830434000000005	0.0537949412	0.0150226748	0.0435403628	0.0552666454	-0.0272815427	-0.1437543984	-0.0063866974	-0.024219681200000003	-0.1124262558	0.040208173	0.0311841915	-0.0912835726	-0.0833633121	0.043631796900000006	0.00150663	-0.13544500000000004	0.0230743	0.0008085560000000001	0.000421621	0.0007448119999999998
441.84152787030195	451.8270107233268	527.797012922434	1.110242	17.634748000000002	0.25350312	-0.0930205515	-0.0474311146	-0.0769723575	-0.023480757400000003	0.092630758	0.0314831054	0.012849099	-0.149016659	-0.0089107465	-0.102606349	0.1196204386	0.099724848	0.0292236292	-0.0934544907	-0.0792851412	0.0509831871	0.0118801	0.013187200000000001	0.0440705	-0.000399326	0.000551015	0.000877561
440.04957321403884	451.84803099567284	527.2816463739522	1.080178	17.157225	0.17035105	-0.1086938267	-0.030482185	0.0129293848	0.0589061815	0.0562587176	0.1286947881	0.0197640147	-0.1834500841	-0.0338613965	-0.0993599951	-0.0745990542	-0.0016686419	0.027252848	-0.0954947043	-0.0749575099	0.05804945860000001	0.0118776	-0.09496189999999999	0.0448125	0.000697075	0.000551015	0.000744813
440.82247747892404	451.98625546216937	527.1587699002738	1.095157	17.395153	0.189753795	-0.100867251	-0.0902376293	-0.0607543503	-0.0480533222	0.1064159694	0.0321757477	0.0157361377	-0.1079615886	-0.0040577278	-0.0720007844	0.1025585126	0.0409414639	0.0252725372	-0.0974013599	-0.07039403450000001	0.06479109400000001	-0.0192995	0.010507700000000002	0.0355814	3.27761e-05	0.000547638	0.0009546569999999999
439.9082592069408	452.2032852117313	527.2732572279174	1.076832	17.104082000000002	0.206495445	-0.1064858642	-0.08144353650000001	0.007704251600000002	-0.0073170491	0.0808372205	0.103228048	-0.024091856600000003	-0.1237840162	-0.0362636385	-0.0728699342	-0.0588123082	-0.0511566381	0.023283389100000003	-0.0991717909	-0.06560907349999999	0.07117039139999999	0.011859200000000002	-0.102573	0.0358389	0.0011231	0.000684612	0.000941984
441.23160963719727	452.5330396972484	527.9542947441491	1.093948	17.375944	0.22538577999999995	-0.07900213019999999	-0.0735331362	-0.0558751355	0.0041288482	0.1062221291	-0.0249196703	-0.0196225334	-0.0411213344	0.051069544800000005	-0.0710720035	0.1176081467	-0.044111868600000013	0.0212860992	-0.1008035212	-0.0606176821	0.077151675	0.011889499999999999	-0.00508659	0.00287803	0.000278945	-0.000172226	0.000744813
441.4458486504274	452.6787133368178	528.6133715029822	1.0722	17.03051	0.15183619499999998	-0.06597919299999999	-0.0384811054	-0.0557546481	0.0751533977	0.0089388891	0.0896992541	-0.0212523662	-0.0498106224	-0.0971102223	-0.06560874900000001	-0.0185798824	-0.1626347156	0.019281366100000003	-0.1022942687	-0.055435565	0.0827014951	0.00250043	-0.09400410000000001	0.014561700000000002	0.000746566	1.25879e-05	0.0009292969999999999
441.96012308229456	452.34990451469764	528.6223300797287	1.006468	15.986444	0.12413721599999998	-0.010897701299999998	-0.023213402200000004	-0.0498082029	0.1133353704	0.0167706602	-0.0163085576	0.0083452122	-0.0275743526	0.049122287	-0.0410732586	0.1013013027	-0.0507574969	0.0172698908	-0.1036419483	-0.0500790271	0.087788815	0.000582869	-0.0216698	-0.013217600000000001	0.000503471	0.000114531	0.00102638
441.59449005048623	452.18299492516525	528.6547375763464	0.911425	14.476797	0.09316946400000001	-0.0424667566	-0.0183696152	-0.0975282176	0.0704175564	0.0259762395	0.039338564	0.0218794532	-0.0512842653	-0.0674486301	-0.07200813639999999	0.0103749271	-0.1462179558	0.0152523765	-0.1048446753	-0.044564922	0.0923851842	-0.007569949999999998	-0.06969810000000001	0.010441299999999999	0.0006225019999999999	1.85931e-05	0.00097476
443.4157930478668	452.43869733047984	528.8682918542106	0.940724	14.942186999999999	0.112458415	0.0731232804	0.0395211792	-0.0971966338	0.0480996553	0.0328397099	0.008777576700000001	-0.007955842099999999	0.0293209565	0.021975688	-0.1138842557	0.0762992924	0.0067145176	0.0132295288	-0.1059007676	-0.0389105992	0.0964648979	0.00649922	-0.0123995	0.0062077	0.00028717099999999996	0.000208173	0.00118699
442.25589388068994	452.2028455612048	528.8124903355637	0.920667	14.623594	0.14767016999999996	0.0539305005	-0.0147250741	-0.0600904105	0.0675016461	0.0236388396	0.0055732502	0.0496995002	0.0110727793	-0.0370666922	-0.0915413722	-0.0897355483	-0.038425087	0.011202055	-0.1068087481	-0.033133849300000004	0.1000051409	0.0024396	-0.105148	0.00310109	0.0008068760000000001	-6.17808e-05	0.00102154
443.04663201204033	452.50456195653646	528.281070469654	1.032807	16.404803999999995	0.16711715140000002	0.100175328	-0.0149384491	0.0206997793	-0.0616570812	0.1248423926	-0.0695427313	-0.0226079439	0.073671036	0.05801958400000001	-0.08816834	0.06992215019999999	0.079483892	0.0091706641	-0.1075673469	-0.027252848	0.1029861145	3.06241e-05	0.00388259	0.0053025	8.273399999999998e-06	-5.6898900000000005e-06	0.0012363700000000005
442.29683423500967	452.3748152794391	528.2477011841087	1.106607	17.577023	0.17684040960000005	0.078786585	-0.0424048631	-0.0561092683	-0.023247549500000003	0.0129360587	0.0933356719	0.0467027694	0.0483711163	-0.08281238	-0.07098642690000001	-0.0896851212	-0.0029560858	0.0071360664	-0.108175503	-0.0212860992	0.105391148	-0.008052409999999998	-0.103564	0.0172609	0.000779615	-0.000172226	0.0011872
442.8938810688396	452.63118130819015	528.1580013152699	1.167147	18.538612	0.167022576	0.10001059	0.035766901600000005	0.0291976099	-0.003757035	0.1052987924	0.0120756194	-0.0280829132	0.0724944274	0.1042769256	-0.0750532104	0.0413239505	0.1237703747	0.0050989734	-0.1086323659	-0.0152523765	0.1072067914	-0.0008410139999999997	-0.00272219	-0.00340862	0.000159438	-0.000172226	0.00133302
442.9029530791719	452.5466107965215	528.3963096826459	1.201657	19.08676	0.129078836	0.0624830972	0.0080667428	-0.0826952442	-0.0689489873	-0.0509505171	0.1226106728	0.017761968899999998	0.0721056027	-0.1129955377	-0.0628164434	-0.1313823954	0.0651437527	0.0030600974	-0.1089372966	-0.0091706641	0.108422891	-0.00331162	-0.0724703	0.028259899999999998	0.000560167	-0.000263169	0.00134518
443.04178585267476	452.84770504488165	528.6052595373044	1.206146	19.158058	0.122190915	-0.0081945138	0.123802248	0.0787069942	-0.0041071911	0.0309150171	0.026761277000000003	-0.08901057400000001	-0.0020204786	0.1013068782	0.0467280289	-0.0349678394	0.0749261176	0.0010201514	-0.1090898686	-0.0030600974	0.1090326458	-0.0147864	-0.027346699999999998	-0.0165425	0.000647674	-4.35833e-05	0.00145389
443.34112342436316	452.8959172875318	529.0667223107141	1.138946	18.090675	0.09401133499999996	-0.0425762575	0.0544202893	-0.0272905407	-0.07099502	-0.103113521	0.0608943392	-0.0729856797	-0.013848151699999998	-0.1149855249	0.0050048501	-0.1030090094	0.0329289843	-0.0010201514	-0.1090898686	0.0030600974	0.1090326458	-0.0169695	-0.07439279999999998	0.0034808	0.00034584	-0.000177146	0.00151367
442.68344144455216	452.91940126188524	529.1504689913667	1.092198	17.348141000000002	0.10539119999999996	-0.1171343135	0.08514592210000001	0.0482766868	-0.0069686822	0.0023929575	-0.0540080883	-0.0866286046	-0.0817800145	0.0846872032	0.0644347673	0.008796189	-0.0243204835	-0.0030600974	-0.1089372966	0.0091706641	0.108422891	-0.0141197	-0.0436731	-0.0339065	0.000501026	0.00017230599999999997	0.00132962
443.2398580782617	452.6230685116809	528.9497645795121	1.006117	15.980867000000002	0.08176364700000001	-0.0909656448	0.0944859828	-0.001493435	-0.0457359239	-0.1031474332	0.015021363	-0.07438961599999999	-0.0611387512	-0.1087420624	0.0726989302	-0.0315926402	-0.0071384682	-0.0050989734	-0.1086323659	0.0152523765	0.1072067914	-0.00933221	-0.059416199999999995	0.0005823569999999999	0.000501026	-0.000273898	0.00124094
442.21421691014666	452.7030019545879	528.975513289026	1.079134	17.140635999999997	0.104882197	-0.1366905811	0.030806691	0.0452940372	0.1409333142	-0.0494073541	-0.0617874403	-0.0440720525	-0.0915526333	0.08119845889999999	0.047029635	0.0768173191	-0.0852162799	-0.0071360664	-0.108175503	0.0212860992	0.105391148	-0.0149754	-0.0344067	-0.033922	0.000184595	0.000103404	0.00134171
443.0256966035813	452.46092871559716	529.4157758018143	1.102859	17.517488	0.15085722	-0.1244891465	0.0375558256	-0.0749257046	-0.0227981896	-0.1208631919	-0.0205335666	-0.023869034700000003	-0.0773788396	-0.0587854636	0.1095951112	-0.0617378342	-0.1135325801	-0.0091706641	-0.1075673469	0.027252848	0.1029861145	-0.00636213	-0.103103	-0.0337899	0.000843097	-0.000596565	0.00123187
443.4335106065071	452.5390537846402	529.4909309678703	1.301242	20.668547	0.250819925	-0.0293298129	-0.0328309335	0.0029263391	0.0917473431	-0.0222126296	-0.1345783221	0.0277499873	-0.0257057167	0.0790754053	0.019476514	0.1459698855	-0.0469580648	-0.011202055	-0.1068087481	0.033133849300000004	0.1000051409	-0.025135400000000002	0.029665800000000003	-0.042002199999999996	-0.00020249	-9.48409e-05	0.00150587
441.724173275107	452.5727741504992	529.3452659632443	1.4521819999999999	23.066021	0.31675904800000004	-0.0397560151	-0.098807115	-0.1424108949	-0.0192458589	-0.1243243425	-0.0573881611	0.0726072932	-0.0200394262	-0.1218882026	0.1099479293	-0.0502474586	-0.17920201239999994	-0.0132295288	-0.1059007676	0.0389105992	0.0964648979	0.000869693	-0.156927	-0.0736329	0.00101935	-0.00031913	0.00151035
442.95265528962443	452.3654830748657	528.7953858856428	1.584438	25.16674	0.28770902800000003	0.0005965603	-0.0265770177	0.063500608	0.1702324147	0.0029920428	-0.1083987203	0.0523671761	-0.015810290600000002	0.1728687061	-0.0153950174	0.0956553044	-0.071071418	-0.0152523765	-0.1048446753	0.044564922	0.0923851842	-0.0228859	-0.000983915	-0.0172655	0.00011895100000000001	-0.00019130000000000001	0.00150572
442.25915049978363	452.1737539688141	528.3212691562396	1.6678439999999999	26.491540999999998	0.093054535	0.058075921	-0.1281458891	-0.0310643202	-0.0786966665	-0.1235758227	-0.0013130399	0.15650892460000002	0.065196596	-0.17677100690000006	0.0815235091	-0.022341563	-0.0126000346	-0.0172698908	-0.1036419483	0.0500790271	0.087788815	-0.0216099	-0.0468779	-0.0397032	0.00033795099999999996	-0.00028502700000000003	0.00166193
441.4107236873463	451.8189476985753	528.6856434551246	1.560753	24.790533	0.07713064999999998	0.0529415967	-0.1091451058	0.1006078403	0.129060704	0.0109409884	-0.0798435502	0.1445924816	0.0185542696	0.2294916741	-0.0055629985	-0.0453095687	-0.0139099039	-0.019281366100000003	-0.1022942687	0.055435565	0.0827014951	-0.0214148	-0.09703939999999998	-0.032841	0.000555382	-0.00024571099999999997	0.00152044
442.91000908720804	452.51205260607423	528.3565507171352	1.498051	23.794596	0.15802177650000002	0.0729969498	-0.071212013	0.0180525171	-0.1617047791	-0.0645065462	0.0296825476	0.053265583	0.0897072177	-0.1188080098	0.0785902006	0.0144008208	0.1321013125	-0.0212860992	-0.1008035212	0.0606176821	0.077151675	-0.0259997	0.0203217	-0.0327952	-2.2485299999999997e-06	-0.00029026	0.00140202
443.39365579188524	452.9575015424241	529.1351002825112	1.4138760000000001	22.457586	0.30355788650000004	0.0988292526	0.0051655928	0.0342348087	0.0017638993	-0.025155575	-0.0283577851	0.008328141899999999	0.1339322666	0.1442393891	0.0492680346	-0.1288915044	0.0306041943	-0.023283389100000003	-0.0991717909	0.06560907349999999	0.07117039139999999	-0.00644184	-0.130922	-0.0484946	0.00149625	-0.0011329	0.00140202
443.4637118716729	453.6891629715743	529.2868756338969	1.448164	23.002213	0.32908291	-0.008015131600000001	0.081002258	0.0446159318	-0.0908137296	-0.1066135601	-0.0765918063	-0.105385611	0.0505452768	-0.1026194071	0.0991335733	0.0917243649	0.0047356088	-0.0252725372	-0.0974013599	0.07039403450000001	0.06479109400000001	-0.022103	0.0262975	-0.024732900000000002	-0.000345059	-0.000469338	0.00154596
444.1177495396412	453.3894540371375	528.3235549522989	1.19746	19.0201	0.25357914	0.0409460825	0.035800308	0.1493490944	-0.1062401018	-0.0688227743	-0.1222828284	-0.0608682988	0.1359678988	0.0638853555	0.13902992220000002	-0.0580166696	-0.0307083686	-0.027252848	-0.0954947043	0.0749575099	0.05804945860000001	-0.00689201	-0.12300000000000001	-0.031638	0.000664372	-0.000995418	0.00165376
442.5903176461845	453.2693796716249	527.6671095230838	1.065216	16.919569	0.24703445	-0.03378094	-0.0034013892	0.1167460802	-0.1482041002	-0.0442428486	-0.0383762948	-0.0399366012	0.055812579800000005	-0.0539922657	0.1560910539	0.1045802089	0.0251741326	-0.0292236292	-0.0934544907	0.0792851412	0.0509831871	-0.0321215	0.0246847	-0.00191649	-0.00013223100000000002	-0.0009096760000000002	0.00164813
443.11471085880686	452.8316868341871	527.9333264538908	1.057274	16.793420999999995	0.25315090999999995	0.029098398	-0.0253100102	0.1741672124	-0.1125926699	-0.1109984577	-0.007294784300000002	-0.0022634818	0.0718207691	0.0543135545	0.1769292525	-0.0816776076	0.0826472088	-0.0311841915	-0.0912835726	0.0833633121	0.043631796900000006	-0.0125667	-0.121403	-0.0402121	0.0007590939999999997	-0.000821055	0.00164382
443.0789655873269	452.5051177411645	528.344082983268	0.997033	15.836580999999999	0.27630424000000003	0.0420516737	-0.034932624700000005	0.054500213	-0.10916012	-0.058584318	0.0402111543	0.0399703883	0.0211784038	-0.0086590116	0.1117120418	0.0053743154	0.2009638892	-0.033133849300000004	-0.0889849861	0.08717919119999999	0.0360364	-0.0347923	0.019315099999999998	0.00128569	-0.00031114	-0.000695834	0.00140202
442.3501807573052	452.76470234358163	528.6887376490367	0.960302	15.253153	0.19823294	-0.0874539518	0.0683447207	0.1190740621	0.0095136911	-0.1427571025	0.06292435910000001	-0.0155155987	-0.1043573736	0.009319077	0.1814602183	-0.0948738325	0.1229508045	-0.035071921	-0.0865619461	0.0907207723	0.028239473	-0.0202307	-0.0680417	-0.0306933	0.0005732059999999999	-0.000837429	0.00166279
443.9402250297641	453.30822652852953	530.4705046443935	0.9585889999999999	15.225947	0.08113399999999997	-0.08462583609999999	0.1244172045	-0.0116304963	0.0703159522	-0.18414569670000006	-0.0265262593	-0.0712919982	-0.0526294175	-0.0186209951	0.1328918674	-0.06600811	0.0145329374	-0.0369977288	-0.0840178413	0.0939769123	0.0202846193	-0.020966299999999997	-0.0411803	-0.023188099999999996	-0.000149319	-0.00101581	0.00168252
444.7208831496342	453.56161454710985	530.5487636922119	1.003448	15.938460999999998	0.04759699999999998	-0.0589695441	0.1235220073	0.02596915	0.0106306202	-0.0858088445	-0.2292152753	-0.0875632466	-0.0020814754	0.0757645927	0.1557437825	0.0050035482	-0.0784814508	-0.0389105992	-0.08135623	0.0969373661	0.0122163259	-0.0216243	-0.0516914	-0.04595	-0.000149319	-0.00120808	0.0017635699999999997
444.56747312875984	453.7618463284394	529.3881977019605	1.101344	17.493423	0.13323727	0.0920192075	0.035178586	0.0798982615	-0.1309081741	-0.0072791074	-0.0810499428	-0.0774688058	0.1632173544	-0.0626571027	0.1203186231	0.0304181762	-0.0442037143	-0.0408098635	-0.07858083469999999	0.0995928192	0.0040797138	-0.0319626	-0.026541500000000003	0.00120342	-0.000571641	-0.0009486189999999999	0.0020936999999999996
443.54532119538806	453.28959530055425	528.7914994403042	1.063078	16.88562	0.13406772000000006	0.0710405003	-0.0352507573	0.1130322672	-0.0127099813	0.0170235355	-0.1184406635	0.016142042199999998	0.13569785339999998	0.055479023	0.1156989709	0.0428694587	-0.033634352	-0.0426948575	-0.07569553700000001	0.1019349164	-0.0040797138	-0.037449699999999995	-0.052672000000000004	-0.026443599999999998	0.0004952569999999999	-0.000572075	0.00204108
441.9474455293944	452.4416172735997	528.0792196613784	1.117398	17.748414999999998	0.16281855	0.1108323148	-0.152950857	-0.0083964677	-0.0937511069	-0.0716833071	0.029410494	0.159595863	0.1347506202	-0.0719085311	0.0348519274	0.0809586082	0.016888938899999997	-0.044564922	-0.07270437219999999	0.1039562886	-0.0122163259	-0.0331149	-0.0154197	0.018339599999999998	-0.00040275300000000005	-0.0011329	0.00211121
441.24238749562613	451.8008556646421	528.0836211777851	1.20443	19.130802	0.18510079999999998	0.0064091057	-0.1891584887	0.1353693795	0.1177164804	-0.0969086669	0.0192980797	0.2039257418	-0.0155664928	0.10039150289999997	0.0912203612	-0.0216495113	-0.0600026329	-0.0464194031	-0.0696115238	0.1056505759	-0.0202846193	-0.032900599999999995	-0.0703239	-0.0380991	0.000803035	-0.000943936	0.00203509
440.5488439365103	451.6138963520393	528.1620357695354	1.183667	18.80102	0.17734410000000006	-0.0057037321	-0.1990214206	-0.06183699400000001	-0.0517323013	-0.12222991710000003	0.0157655971	0.2247453375	-0.0495026975	-0.0518954153	0.0904508856	0.1095377217	0.07812799690000001	-0.0482576524	-0.0664213173	0.1070124473	-0.028239473	-0.0304368	0.00646103	0.00537342	-0.000197093	-0.000946665	0.00212469
441.69052154447286	451.9789721949556	529.010577411355	1.223266	19.429991	0.15288951000000006	-0.0024600471	-0.0986798101	-0.0025373104	0.1430454321	-0.0590611699	0.090394123	0.17914619829999998	-0.0736450475	0.0465177724	0.0528847034	-0.0611908753	-0.0049494228000000005	-0.0500790271	-0.0631382147	0.1080376181	-0.0360364	-0.0499336	-0.07023120000000001	0.031210200000000004	0.00023254599999999998	-0.0011329	0.00212609
442.249225565403	452.5049186541335	529.7318243784573	1.06244	16.875485999999995	0.12933906	-0.0111439763	-0.0625203135	-0.0750050987	0.0584684227	-0.0512509133	-0.085196353	0.1066855732	-0.0275483344	0.0247171914	0.063492313	0.0818302347	-0.0326728705	-0.0518828902	-0.0597668075	0.1087228625	-0.043631796900000006	-0.0332277	-0.0189859	-0.00459371	-0.000122533	-0.0011329	0.00196949
443.3812883931844	452.82114351684237	530.2239529870525	0.922077	14.645992000000001	0.11537924	0.0187297997	-0.0248860783	-0.0376624727	0.153441921	-0.0709354353	-0.1164249348	0.074108986	-0.0077929073	0.0772907001	0.0654467766	-0.0346510657	-0.1232071036	-0.0536686109	-0.05631181110000001	0.1090660245	-0.0509831871	-0.027467400000000003	-0.07906569999999999	-0.0230396	0.000454562	-0.0011329	0.00192472
444.0194694277088	453.30085201309316	530.0420532440346	1.148052	18.235312	0.20103377	0.0658294507	0.0204423364	-0.0866930114	0.046146768	-0.0069656748	-0.2105744345	0.0435202747	0.0755742674	-0.0131065944	0.0317767186	0.1879858988	-0.0914028579	-0.055435565	-0.0527780575	0.1090660245	-0.05804945860000001	-0.0441074	0.0259969	-0.00439553	-0.00043401	-0.00138781	0.00185446
443.7925528615786	453.48452638968604	529.4960886753477	1.542813	24.505582999999998	0.52610437	0.073292064	0.050076019400000005	-0.022709868	0.0696761344	0.1802159903	0.0459925154	-0.0486560777	0.0754845792	-0.0462399784	-0.2017811124	-0.0436918677	-0.1224981805	-0.0571831344	-0.049170489000000005	0.1087228625	-0.06479109400000001	-0.00481701	-0.105655	0.07855149999999997	0.00119534	0.00101995	0.00044726900000000003
442.1477276036519	453.17148691947176	528.9234851907205	1.262126	20.047237	0.09753661	0.0364601748	-0.0106643506	-0.107945294	0.0471609325	0.1832735228	-0.0091569302	-0.02320188	0.026457659	0.0424348337	-0.1924821292	0.0577068783	-0.0911442124	-0.0589107081	-0.0454941512	0.1080376181	-0.07117039139999999	0.026106999999999998	-0.07818659999999998	0.0568131	0.0009198380000000001	0.000981399	0.000413206
443.6781835005526	453.03191032022363	528.9638329626525	1.085184	17.236746	0.12552033999999998	0.06691481440000001	0.0019229588	-0.0826489009	0.0394196849	0.1333529234	0.072928578	0.0030039185	0.0056740485	-0.07175126400000001	-0.2250493823	0.0191346484	-0.0603502973	-0.0606176821	-0.0417541856	0.1070124473	-0.077151675	0.00768731	-0.038803199999999996	0.0844008	0.000763716	0.000334931	0.000413205
443.1576672154227	452.87242501788535	529.1915433525938	0.923376	14.666632	0.09689729999999998	0.060806375	-0.0161277283	-0.0393519752	0.0194138979	0.08775699740000001	0.047709015	0.0229457802	0.0186192965	-0.0234198848	-0.1346613841	-0.020707023	0.0089752006	-0.0623034593	-0.0379558231	0.1056505759	-0.0827014951	0.00714161	-0.0694407	0.0507104	0.00108686	0.000563887	0.000501579
442.37972294479727	452.5017332616391	529.3188498680211	0.8703420000000001	13.824248	0.05874748	0.0365725083	-0.0181489477	-0.0503215413	0.0752258997	0.1404058226	0.0783062017	0.0636184346	-0.06973794679999999	0.017175722	-0.1963288704	-0.0489043751	0.0437985193	-0.0639674504	-0.0341043759	0.1039562886	-0.087788815	0.00284343	-0.09274960000000002	0.06597760000000001	0.00129871	0.0005466469999999999	0.000413205
442.97079931028884	453.0128643276007	529.2909612185214	0.9977290000000001	15.847635	0.12203183	0.0432934759	-0.0116608316	-0.0412136884	-0.0728303216	0.1725391707	0.018981546	-0.0106559647	-0.0162177955	0.0016498953	-0.1371327127	0.0589783597	0.1355993013	-0.06560907349999999	-0.0302052306	0.1019349164	-0.0923851842	0.007605309999999999	-0.013807499999999999	0.0464746	0.00108713	0.000491435	0.00052291
443.2567227128536	453.1295044418303	529.6708000283969	1.0100770000000001	16.043758	0.14508991	0.0539592787	-0.0040938294	0.0097560496	0.0161414576	0.10826367	0.1071914774	0.0085489948	-0.0020796461	-0.0410984859	-0.1677127325	-0.1074786415	0.019258287	-0.0672277545	-0.0262638406	0.0995928192	-0.0964648979	-0.0110492	-0.09570089999999999	0.060258000000000006	0.000869458	0.0008168929999999999	0.0005949519999999999
443.6480597739366	453.39246522847986	529.4849250346916	1.0119200000000002	16.073038	0.15370215000000004	0.0702964279	0.0170538177	-0.0170326906	-0.0394861377	0.1260611727	-0.006997957900000001	-0.0419677063	0.0380124704	0.0498053131	-0.1158490789	0.045907351	0.1115172744	-0.0688229275	-0.0222857183	0.0969373661	-0.1000051409	0.0110116	-0.0369155	0.0328317	0.000555401	0.00033493199999999997	0.000482377
443.7796814623037	453.0216407475463	529.1825987694181	1.032357	16.397649999999995	0.11677199	0.0666322368	0.0015158359	-0.0754303279	0.0451956463	0.0229422978	0.1278378906	0.028264584900000007	0.0059689802000000005	-0.046517376500000006	-0.1540628052	-0.0768252183	-0.024380601	-0.07039403450000001	-0.0182764273	0.0939769123	-0.1029861145	-0.00535969	-0.0906992	0.055115	0.000794495	0.00051334	0.000413205
444.3507528819345	453.5407269994511	529.7911861845831	0.9853569999999999	15.651114000000002	0.19850195	0.082399489	0.091347613	-0.034409394	0.0953121109	0.0026012542	0.05916120530000001	-0.043022463600000005	0.0526190373	0.0660458978	-0.0782251709	-0.0226512973	0.0556632154	-0.0719405264	-0.0142415751	0.0907207723	-0.105391148	0.0185688	-0.0249307	-0.00323956	0.0016147000000000002	0.00033493199999999997	0.00040281
444.9400458607797	453.350557408475	530.4662726654842	0.959649	15.242784	0.15724021	0.0441094081	0.1056570586	-0.1342202874	0.0703582581	-0.0241568076	0.0804291072	-0.0413468361	-0.0054139548	-0.0301422618	-0.1099339051	-0.1064913155	0.0130881229	-0.0734618621	-0.0101868048	0.08717919119999999	-0.1072067914	-0.0010477	-0.078864	0.0402999	0.0008929119999999999	0.00033493199999999997	0.000484041
445.4098907035839	453.89597292021654	530.6897871368649	0.958126	15.218596	0.13833576500000005	0.0485929553	0.1405520898	-0.0604957271	0.018732962	0.0092062613	-0.0485925799	-0.1029254743	0.0449336712	0.0588698947	-0.0230781498	-0.0033124488	0.03984654	-0.0749575099	-0.0061177874	0.0833633121	-0.108422891	0.00783258	-0.049442400000000004	0.00585889	5.96311e-05	-7.57886e-05	0.000416185
444.6835871071573	453.91386586711883	530.4200502846401	0.932301	14.808392999999999	0.087910395	0.0398902665	0.1081262781	-0.1104079779	0.0097057384	0.0092551528	0.0524496648	-0.090482989	0.0419155346	-0.051763054	-0.0485649402	-0.0609821925	-0.0570100828	-0.0764269467	-0.0020402136	0.0792851412	-0.1090326458	0.00273059	-0.049400400000000004	0.031503199999999995	0.00104127	-7.57886e-05	0.000255382
443.9296797869847	454.1266318361023	529.8594269117364	0.9982850000000001	15.856454999999999	0.08498118999999997	-0.0936057115	0.1802923078	-0.0190805304	-0.036325029	0.0580697029	0.0102086818	-0.18127524	-0.06710323230000001	0.0086703019	0.0071859048	0.087711636	-0.0258601144	-0.0778696586	0.0020402136	0.0749575099	-0.1090326458	0.0109794	-0.015006799999999999	0.025479599999999998	0.000717509	0.00016595099999999998	0.000416185
445.0524379887844	453.76679032304014	529.7635983968672	1.044	16.582586	0.13065585	-0.008859300799999999	0.1217155524	-0.0599825435	-0.0554323544	-0.0340716435	0.0815794088	-0.1060501457	0.0152798161	-0.0774122558	-0.0207298324	-0.0828462355	-0.0249450137	-0.0792851412	0.0061177874	0.07039403450000001	-0.108422891	0.00628235	-0.107723	0.031541	0.00108417	0.000342914	0.000416185
443.69880875481215	453.96742857372436	529.4049270165198	1.17325	18.635553	0.174702336	-0.0852697159	0.0950488898	0.0476611053	-0.0078046658	0.0142681629	-0.0615607551	-0.1327834239	-0.0141037632	0.0713051102	0.0425555913	0.115853514	0.0296428325	-0.0806728995	0.0101868048	0.06560907349999999	-0.1072067914	0.011678299999999999	-0.008433589999999998	-0.000923291	0.000614351	6.16793e-05	0.000416185
444.70936867498176	453.28166500049	529.2031090393197	1.316499	20.910883	0.155921136	-0.0758437941	0.0374885562	0.0344841002	-0.09006582630000001	-0.08780029710000001	0.0891062997	-0.0379429591	-0.0294647253	-0.1665277231	0.028773274900000007	-0.0726151123	0.015484490900000003	-0.0820324483	0.0142415751	0.0606176821	-0.105391148	-0.0131249	-0.09461839999999999	0.0303795	0.0005874340000000001	0.000307369	0.000416185
442.38511187401167	453.03842212519277	528.6514749213691	1.388327	22.051773	0.13897648499999998	-0.1201171336	-0.0389248173	0.06345438889999999	0.000848125	0.0333297102	-0.06485897339999999	-0.0247260601	-0.1137323729	0.1264133416	0.017535680300000002	0.067940942	0.0825374838	-0.0833633121	0.0182764273	0.055435565	-0.1029861145	0.013345099999999999	-0.0549489	-0.007097399999999999	0.0009114780000000001	-7.578869999999998e-05	0.000416185
443.06683080427564	452.84850968829835	528.3681077924334	1.4010209999999998	22.253401	0.108709455	-0.1065820932	-0.1040278436	-0.0303006567	-0.148473475	-0.0250645286	0.1201995379	0.0354269384	-0.1226126112	-0.1737658499	0.03197493	-0.0336990281	0.0750328534	-0.0846650256	0.0222857183	0.0500790271	-0.1000051409	-0.00494502	-0.07471939999999999	0.028288599999999997	0.000544694	0.000262684	0.000416185
441.2602601313661	452.62437087267466	528.3971105454967	1.344555	21.35651	0.08899707499999998	-0.1451812908	-0.0900955109	0.0785965925	0.089088388	0.07579878309999999	0.0236070364	0.0398964645	-0.1914650057	0.1740031994	0.0080545199	-0.029554203900000006	0.0544076673	-0.08593713359999999	0.0262638406	0.044564922	-0.0964648979	-0.00305616	-0.08192449999999997	-0.00141208	0.00121027	-7.578869999999998e-05	0.000416185
443.261064871645	452.9504837245848	529.26813878006	1.3309520000000001	21.14045	0.156253555	-0.0768166778	-0.0821783367	-0.1596233511	-0.0771774937	0.011971072	0.0695006487	0.0394772376	-0.1113188895	-0.1187722807	0.0001783206	0.0071043209	0.0513836964	-0.08717919119999999	0.0302052306	0.0389105992	-0.0923851842	-0.0176467	-0.0147571	0.0147143	0.000430559	0.000224645	0.000503425
442.62098414264943	453.1777581609452	529.6131400558304	1.201618	19.08614	0.204360355	-0.0918147538	-0.0413530512	-0.0304433805	0.16885770879999998	0.0008813752000000002	-0.0488887781	0.0202179628	-0.0970279853	0.1049580597	-0.0239517926	-0.019391617	-0.13791722609999998	-0.0883907642	0.0341043759	0.033133849300000004	-0.087788815	-0.00345025	-0.12028	-0.0180114	0.0011990700000000006	6.16699e-05	0.000610245
443.7070278410962	453.6893537633122	529.4822011322027	1.10822	17.60264	0.232507395	-0.0300666291	-0.0113102957	-0.1154940854	-0.0046455148	-0.0020407604	-0.0052805175	-0.0252778748	-0.0145495613	-0.0847202995	-0.0237890257	0.07475227059999999	-0.1225093438	-0.0895714288	0.0379558231	0.027252848	-0.0827014951	-0.015136600000000002	-0.017067500000000003	0.0357867	0.00040062400000000003	-0.00022203299999999998	0.000416185
443.56362029315216	453.5061356278318	529.5019735103149	1.084379	17.223951	0.18671796	0.014601352	-0.049159414500000005	-0.0387601195	0.1205251629	0.0465083681	-0.0966829286	0.0229341913	0.0469707093	0.0684741636	-0.0360529837	0.032611708	-0.1880139582	-0.0907207723	0.0417541856	0.0212860992	-0.077151675	0.00383503	-0.0830206	-0.00456708	0.00127494	-0.000372547	0.000620144
442.7492329040981	453.32694900472717	528.7380859784317	1.104018	17.535895999999997	0.16766941	0.0411243793	-0.0812577696	-0.0546816003	-0.0870822253	0.0477711201	-0.0075624712	0.0373298926	0.0644841157	-0.1059017897	-0.0707117844	0.0939393742	-0.0327719602	-0.0918383927	0.0454941512	0.0152523765	-0.07117039139999999	-0.0171162	-0.026742400000000003	0.0471816	0.000608244	-0.00029670200000000003	0.0005888590000000001
442.8159935955173	452.9311805778803	528.5277954319878	1.080747	17.166262	0.17188829000000005	0.0644443286	-0.0914962803	0.0950190751	0.0834402061	0.0527969491	0.020283779	0.08114585690000001	0.0342365918	0.0588503014	-0.0631377179	-0.0453064172	-0.0712809676	-0.0929238992	0.049170489000000005	0.0091706641	-0.06479109400000001	0.0036777	-0.09620089999999999	0.00644936	0.0012722999999999999	-0.00039152800000000004	0.0005296680000000001
442.58884441373743	453.11332862056963	528.2691953097127	1.083169	17.204739	0.18011945999999998	0.062017344	-0.0627835975	0.0222530137	-0.1561360553	0.040812192	0.05075559	0.0442811377	0.046392980999999986	-0.0646454536	-0.0610879381	0.0074641818	0.1332263791	-0.0939769123	0.0527780575	0.0030600974	-0.05804945860000001	-0.0109533	-0.00572673	0.0449759	0.000609695	-0.000359371	0.0005646609999999999
442.4367525482105	453.4653559676688	529.26525502794	1.165118	18.506382000000002	0.180709215	-0.085945689	0.062448702	0.2020155637	0.0322283127	0.0034450372	0.1421923655	-0.0754762506	-0.0807416517	0.010801874	0.07150108599999999	-0.1154387683	0.1107241576	-0.0949970637	0.05631181110000001	-0.0030600974	-0.0509831871	0.00368862	-0.103306	0.015308700000000001	0.0009469910000000001	-6.87265e-05	0.000416185
445.08267802322507	453.8070141985753	530.5889263184358	1.279087	20.316641	0.114524335	0.0263787307	0.1388844331	0.0539508001	-0.0999225459	-0.0314766346	-0.0363886354	-0.0833921022	0.010705453899999998	0.058322429	0.108169067	-0.1178498632	0.0954273919	-0.0959839967	0.0597668075	-0.0091706641	-0.043631796900000006	-0.00200659	-0.103298	-0.0210054	0.0018036999999999999	-0.0005932019999999999	0.00048514099999999997
444.4921056583075	454.05356689576126	530.3912332155069	1.487567	23.628071	0.286000325	-0.0353385173	0.0836242598	0.072668357	-0.0116573356	0.0903962311	-0.1032695721	-0.12694254900000002	-0.0423589051	0.0271596661	-0.0194298003	0.0923084156	0.0571704162	-0.0969373661	0.0631382147	-0.0152523765	-0.0360364	-0.0133721	0.0298024	0.016121299999999998	5.35587e-05	-0.000283428	0.00051338
444.0515703873458	454.07220641902944	529.2257038131331	1.4506569999999999	23.0418	0.265237235	-0.006670836800000001	0.0677088325	0.0089243191	-0.1484465551	-0.0906929499	-0.0432143574	-0.0921668915	0.07498586809999999	-0.1091581166	0.1124827561	-0.0565061473	-0.0677919575	-0.0978568387	0.0664213173	-0.0212860992	-0.028239473	0.00365722	-0.128281	-0.0171713	0.00104369	-0.000222894	0.0005993530000000001
444.2192475013922	453.76263438127	528.1430906267781	1.414944	22.474556	0.15391257	0.0584973516	0.0502235668	0.2045386198	-0.0372749478	0.06433634419999999	0.0888405804	-0.0893836226	0.06925800809999999	0.107632812	-0.0284661388	0.0027426041	0.1012507525	-0.0987420929	0.0696115238	-0.027252848	-0.0202846193	-0.0131481	-0.0644801	0.026936	0.000837113	-0.000502753	0.0005018080000000001
441.45503696858435	453.53859510916186	527.3760034109723	1.3806969999999998	21.930585999999998	0.09261243	-0.0913264409	-0.0535618305	0.0973857721	-0.237995493	-0.0056900493000000005	0.0527484355	-0.0407597807	-0.0117377909	-0.1040668528	0.0622677713	0.0553016662	0.0797628697	-0.0995928192	0.07270437219999999	-0.033133849300000004	-0.0122163259	0.00370802	-0.0366949	0.00800809	0.000463094	-0.000623974	0.000416184
443.25269070826147	453.2803460489103	528.1907936351047	1.2734379999999998	20.226902	0.14148316	-0.0665717728	-0.0033545235	0.2109968324	0.07368677	-0.0302514931	0.1289404713	-0.024763742	-0.0375235777	0.0552778244	0.0167190748	-0.0721925159	0.0583831554	-0.10040872	0.07569553700000001	-0.0389105992	-0.0040797138	-0.00612008	-0.10748900000000002	0.0335482	0.00116951	-0.000623974	0.000416185
442.83735546600036	453.16538158385737	528.9321337560328	1.109696	17.626081	0.16592439	-0.0994131769	0.0046377594	-0.0135901767	-0.0027646664	-0.0808521804	0.0083819473	-0.008222173000000001	-0.0798308073	-0.0391346069	0.0588886318	0.0395894465	0.0265955583	-0.10118951	0.07858083469999999	-0.044564922	0.0040797138	-0.00235046	-0.0374126	-0.00916797	0.000518549	-0.00028769099999999997	0.000416185
442.8835684417098	453.2888072477237	528.8585690131896	0.9422440000000001	14.966320000000001	0.08968909000000001	-0.0610910914	0.0283557026	0.0447760326	0.0401524826	-0.0052104881	-0.0128428422	-0.015757806699999998	-0.0589895931	0.0312225363	0.0135324913	-0.0537498143	0.0168136589	-0.1019349164	0.08135623	-0.0500790271	0.0122163259	-0.00466848	-0.0945623	0.015002799999999998	0.000424546	-0.000260682	0.000416185
443.7669651401286	453.3172186260919	528.3875340987616	0.9155280000000001	14.541973	0.10451001999999998	-0.08844649210000001	-0.0128303513	0.0574141588	-0.0168159476	-0.0787478849	-0.0144218415	0.0089337802	-0.064565398	-0.0307946484	0.0639234492	0.0090785705	-0.015054248700000003	-0.1026446782	0.0840178413	-0.055435565	0.0202846193	0.00371059	-0.0324056	-0.008725949999999998	0.000488383	-0.000401755	0.000416185
442.45458641467553	453.4936512119356	527.7378712459473	0.985176	15.64825	0.12248239	-0.098547019	-0.0081888333	0.064982485	-0.0643829238	0.0242833875	0.0823642888	-0.0479067809	-0.0799184318	0.0110065856	0.0103854212	-0.0304313174	0.0565495062	-0.1033185475	0.0865619461	-0.0606176821	0.028239473	-0.0154868	-0.0573258	0.03590619999999999	0.000871424	-0.000623974	0.000485578
441.98803696023987	453.235609534008	528.8561744978421	1.02783	16.325748	0.12379159999999995	-0.1231598416	-0.0816079155	-0.032824349100000004	-0.0163238541	0.0040369973	0.0844287066	0.034997162000000005	-0.0755344315	-0.0701914667	0.0169955853	0.0236705483	-0.005723382900000001	-0.1039562886	0.0889849861	-0.06560907349999999	0.0360364	0.00369455	-0.0333976	0.008542199999999998	0.00018931	-0.000314111	0.000559962
442.7980821905024	453.64497394600716	529.4877587328887	1.070459	17.002859	0.11885406	-0.1287873896	-0.0020695195000000003	0.0912920045	0.0625337939	0.0516335859	0.0264560505	-0.0479568655	-0.0935594302	0.0819091824	0.0367209035	-0.0288748437	-0.0393970398	-0.1045576784	0.0912835726	-0.07039403450000001	0.043631796900000006	-0.00682852	-0.112552	0.00977324	0.000543381	-0.000112618	0.000556615
443.47937465874224	453.5573922429961	530.0168206820241	1.11665	17.736533999999995	0.20590882	-0.0602374951	-0.061104127	-0.0475893389	-0.0351908635	0.0312794733	-0.0745621331	0.0120330737	-0.0292989175	-0.059081745	0.0114625843	0.1309582877	-0.1045112033	-0.1051225066	0.0934544907	-0.0749575099	0.0509831871	-0.011351799999999999	0.0136189	-0.018550999999999998	0.00025735900000000003	-0.000623973	0.000416184
442.7149220957904	453.5653723148181	529.5808299759893	1.061148	16.854956	0.19127370000000002	-0.0376651297	-0.031965932200000005	-0.015592171	0.07903721009999999	0.0890402542	-0.08759903640000001	-0.0102743931	-0.0042041625	0.0691055166	-0.0153571433	-0.005604439300000001	-0.1812463699	-0.1056505759	0.0954947043	-0.0792851412	0.05804945860000001	-0.006296199999999999	-0.10633599999999999	-0.0220388	0.00123436	-0.000496426	0.000567144
444.3135343780075	453.77282100101786	529.2834385974802	1.139632	18.101568	0.25655220999999995	0.0403984394	-0.0576713137	-0.1260516084	-0.1075439531	0.0902339933	-0.1031400472	-0.0071585742	0.0949472092	-0.0621297415	-0.0477171595	0.1508590758	-0.0230347353	-0.1061417014	0.0974013599	-0.0833633121	0.06479109400000001	-0.0188139	0.014834700000000001	0.00623431	-0.000119589	-0.00011169	0.000720273
443.87307664559563	453.175070486028	529.4157160600312	1.038619	16.497107999999997	0.20834407	0.0663696649	0.0170523183	-0.013851098	0.1169108215	0.0015195251	-0.018013216000000002	0.0511742559	0.0358224066	0.0413237977	-0.0469776473	-0.0899102908	-0.0836776918	-0.1065957114	0.0991717909	-0.08717919119999999	0.07117039139999999	-0.015166599999999999	-0.12692799999999999	-0.00938636	0.000654616	-0.000204269	0.000640789
443.96379674891784	453.19918490264604	529.2968568177795	1.0012860000000001	15.904126999999999	0.23087709	0.1028399593	-0.0195655445	-0.0910899167	-0.0126846513	0.0027718966	-0.0814023292	0.0533400031	0.0793546224	-0.0453384486	-0.0195583311	0.1134565691	0.0922716906	-0.1070124473	0.1008035212	-0.0907207723	0.077151675	-0.0262476	0.0302716	-0.00771492	-0.00023181099999999998	-0.00024834900000000003	0.000352795
443.76060697904114	452.67230107536415	528.9119254243525	1.078568	17.131659	0.29149727000000003	0.0111059674	-0.0561382299	-0.0392945722	0.0831993029	-0.0379679181	0.0290945075	0.0972625769	-0.0415752151	0.0418884662	0.010089673	-0.0923657735	-0.052661189	-0.1073917633	0.1022942687	-0.0939769123	0.0827014951	0.00349454	-0.131207	-0.027262	0.00101421	-0.000466525	0.000503187
443.520819013636	452.56062984161423	529.3059580213015	0.995986	15.819938	0.22518379	0.0172284761	-0.0564846301	-0.0693463648	0.0260527392	-0.086828843	-0.0378018836	0.1327324542	-0.0494075657	0.0051822396	0.0349114871	0.0870190218	0.0810266031	-0.1077335267	0.1036419483	-0.0969373661	0.087788815	-0.0154626	0.026988099999999998	-0.0347347	0.000301111	-0.000544112	0.0005236780000000001
442.76539969174144	452.5822307844672	529.3933914697891	0.995125	15.806265	0.1977484	-0.0183270024	-0.0903952599	-0.0230347835	0.043551318	-0.094844806	0.0213417006	0.12992272119999998	-0.1010701493	0.0194785694	0.0490900693	-0.1279481179	-0.0219869701	-0.1080376181	0.1048446753	-0.0995928192	0.0923851842	-0.0159642	-0.121709	-0.036576599999999994	0.0010072000000000002	-0.000718784	0.00047028300000000005
443.4904239020957	453.2551698347942	529.7556511247618	1.005317	15.96815	0.23258425	0.035531402000000004	-0.0434250408	-0.0205909411	0.0248601761	-0.0674261717	-0.0481339409	0.0615235961	0.0005024832	0.0040630805	0.0066808973	0.0451563172	0.0158995731	-0.108303931	0.1059007676	-0.1019349164	0.0964648979	-0.0299593	0.025030900000000002	-0.0281091	0.00010081100000000001	-0.0005578180000000001	0.000670563
442.5004116976356	453.2998482826457	529.471215102253	0.9794139999999999	15.556721	0.23834649	0.0041925111	-0.0907653497	-0.0564995634	0.0015001189000000002	-0.0220861633	-0.043557032	0.0701915374	0.0070801992000000015	-0.0206513614	0.0443989195	-0.033158084	-0.1056206815	-0.1085323724	0.1068087481	-0.1039562886	0.1000051409	-0.00936251	-0.111705	-0.045667900000000004	0.00117416	-0.0006691710000000001	0.000586165
444.8201712627146	453.74356350276815	529.8323445072276	1.061267	16.856855	0.23849074	0.0392219351	0.0136876103	-0.0484057357	0.0370897657	-0.0076579123	-0.0411340197	-0.0127155597	0.0563538589	0.0154677139	-0.0182825284	0.0699082992	-0.015622515	-0.1087228625	0.1075673469	-0.1056505759	0.1029861145	-0.017331799999999998	0.0140659	-0.0148542	0.000128815	-0.000565612	0.000915998
444.61841595601	453.76012920279777	530.0332916537288	1.062122	16.870432	0.20317910000000003	0.1284403184	0.0456486783	-0.0999791868	0.0779875867	-0.0626885616	-0.0122520836	0.0265790144	0.1136506009	-0.0259392375	0.0067896734	-0.0563863184	-0.1431149595	-0.1088753345	0.108175503	-0.1070124473	0.105391148	-0.0191053	-0.11507300000000001	-0.0349327	0.0008338869999999997	-0.000509973	0.000632945
445.7646683384136	454.1132515285671	530.0209902280711	1.142729	18.15077	0.18632279	0.1342101047	0.1697678464	-0.0383316333	0.0369264478	-0.0322558667	-0.0154300258	-0.08423247199999999	0.14001280189999998	0.0410061695	-0.0225478085	0.0458656802	0.0351853241	-0.1089897352	0.1086323659	-0.1080376181	0.1072067914	-0.011159299999999999	0.00243319	-0.0221847	0.000265012	-0.0008053319999999999	0.0007311629999999997
445.8598469083522	453.6445923625311	529.1771348180183	1.117629	17.752087	0.19756359	0.2027978078	0.1007628723	0.0517984914	-0.0400199132	-0.0774817235	0.0339738085	-0.0025348005	0.2012894389	-0.0410354976	0.0164351773	-0.12156658	0.06927880089999999	-0.1090660245	0.1089372966	-0.1087228625	0.108422891	-0.0150816	-0.132366	-0.026921299999999995	0.00128491	-0.000788387	0.0006858960000000001
442.77714678204336	453.52317415955986	528.9270815385552	1.230566	19.545939999999998	0.2703773468	0.0617400396	0.0588571301	0.0803426413	-0.0480072166	0.0512280182	-0.0405196826	-0.031970510099999995	0.0476690685	0.0758630499	0.0080672942	0.0372437142	0.1502108346	-0.1091041759	0.1090898686	-0.1090660245	0.1090326458	-0.0268959	0.0184793	2.09968e-05	-5.29396e-23	-0.00048743	0.000715538
