trans_x	trans_y	trans_z	rot_x	rot_y	rot_z	framewise_displacement	a_comp_cor_00	a_comp_cor_01	a_comp_cor_02	a_comp_cor_03	a_comp_cor_04	a_comp_cor_05	csf	white_matter
-2.334959999999999748e-04	-7.688499999999998114e-02	6.232100000000000140e-02	7.322780000000000521e-04	3.516249999999999953e-04	8.410870000000000195e-04	0.000000000000000000e+00	-9.987086130000000228e-02	-7.286080000000000334e-03	1.779661600000000078e-03	-8.072814799999999610e-03	3.094541639999999830e-02	-2.239313659999999859e-02	4.396994091229249761e+02	4.516454599417301665e+02
-6.186889999999999577e-03	-7.839489999999998959e-02	5.677280000000000520e-02	1.122189999999999906e-04	1.874690000000000037e-04	7.746689999999998568e-04	5.554314400000000956e-02	-1.943711659999999841e-02	-4.230802239999999909e-02	1.673478119999999986e-02	-1.209892979999999986e-02	8.877674689999999480e-02	-6.171132699999999985e-03	4.394716396327463599e+02	4.511034372048069940e+02
-2.271940000000000071e-04	-6.989289999999999392e-02	8.310239999999999294e-02	1.434700000000000070e-04	3.639490000000000216e-04	7.159819999999999900e-04	5.411219600000002211e-02	9.095657899999999921e-03	-5.320573890000000056e-02	-3.038817649999999912e-02	-5.292539529999999715e-02	1.992245889999999867e-02	1.477607669999999977e-02	4.397444977896616365e+02	4.509815046936725480e+02
2.491689999999999964e-03	-7.470699999999998175e-02	6.033730000000000343e-02	2.016850000000000045e-04	8.184870000000000123e-04	6.813619999999999182e-04	5.766673400000000421e-02	6.019523379999999757e-02	-8.319489010000000184e-02	3.577526400000000713e-03	-3.701069200000000475e-02	2.694635230000000034e-02	2.505251699999999811e-03	4.407726201913719137e+02	4.506002613247885051e+02
-2.260709999999999976e-04	-8.420389999999999819e-02	8.507939999999999947e-02	1.834170000000000093e-04	5.480069999999999863e-04	6.822469999999999750e-04	5.143841099999999639e-02	4.983254160000000210e-02	-8.981925640000000544e-02	-2.082549759999999944e-02	-7.932870899999999725e-02	8.515526600000000029e-03	-9.379558999999999553e-04	4.401154422121346101e+02	4.506789587690454368e+02
-2.832670000000000240e-04	-4.930080000000000573e-02	6.900950000000000140e-02	2.539379999999999936e-04	5.643140000000000048e-04	1.001989999999999912e-03	7.135874600000000068e-02	2.644007250000000170e-02	2.005067499999999871e-03	1.017872870000000041e-02	-9.971992650000000014e-02	2.374865920000000102e-02	7.924426090000000200e-02	4.405468279342143205e+02	4.511347768215882184e+02
6.252970000000000056e-03	-1.038119999999999876e-01	6.227019999999999778e-02	6.302909999999999459e-04	4.362119999999999496e-04	8.490239999999999810e-04	1.006577869999999986e-01	1.721482389999999876e-02	-1.336720399999999928e-03	-1.331326560000000055e-02	-9.644855989999999435e-02	-5.768742379999999836e-02	-8.884384779999998649e-02	4.399719183563659612e+02	4.512475430340081175e+02
5.426920000000000008e-03	-2.998109999999999664e-02	4.810159999999999436e-02	5.043619999999999527e-04	2.884279999999999700e-04	6.431180000000000316e-04	1.128065000000000040e-01	-2.467418249999999910e-02	9.058138000000000301e-02	6.872689830000000555e-02	-1.050568620999999953e-01	8.662734060000000513e-02	-2.452977669999999860e-02	4.416691209047148732e+02	4.516639003779675363e+02
-1.932059999999999930e-04	-1.022679999999999978e-01	6.235330000000000039e-02	1.052379999999999895e-03	5.114139999999999658e-04	5.878380000000000324e-04	1.334729259999999917e-01	9.522982699999999953e-03	5.936825839999999854e-02	-9.864874460000000456e-02	-1.097832284000000019e-01	-3.977340160000000097e-02	-6.977293080000000758e-02	4.410759509983773228e+02	4.514296330096466932e+02
-1.866040000000000179e-04	-4.823959999999999360e-02	6.237390000000000295e-02	1.055210000000000002e-03	1.967809999999999850e-04	5.878380000000000324e-04	6.992875199999999680e-02	9.358417000000000818e-03	8.047135040000000239e-02	1.164569552000000036e-01	-9.698503660000000470e-02	1.096117409999999848e-02	3.719359340000000236e-02	4.410816888510660760e+02	4.512767341699141070e+02
-1.761970000000000073e-04	-4.827950000000000297e-02	1.042440000000000033e-01	5.030819999999999650e-04	-0.000000000000000000e+00	5.878380000000000324e-04	7.936585699999997023e-02	3.701519040000000177e-02	4.733919989999999661e-02	-1.315543292999999947e-01	-8.543029119999999421e-02	-8.030925399999999659e-03	9.707935360000000125e-02	4.400676009268783559e+02	4.510816039937514006e+02
1.901590000000000225e-02	-9.352619999999998990e-02	6.347260000000000402e-02	1.652590000000000005e-03	-5.640089999999999730e-04	5.878380000000000324e-04	1.908860470000000031e-01	-1.693387000000000191e-03	3.347112399999999793e-02	1.007096378999999958e-01	-2.308285209999999879e-02	-1.315635237999999985e-01	1.198633612999999987e-01	4.400406950500811831e+02	4.510780701989527870e+02
2.960130000000000053e-03	-5.009020000000000139e-02	6.811050000000000437e-02	4.859689999999999952e-04	-1.369990000000000075e-04	5.878380000000000324e-04	1.438112199999999896e-01	-3.662347939999999885e-02	-3.039331000000000151e-03	-7.017150140000000258e-02	2.462066749999999860e-02	-4.508511059999999876e-02	1.687144976999999935e-01	4.410108573857799001e+02	4.513340131677632030e+02
4.994759999999999998e-03	-9.019719999999999127e-02	5.517880000000000007e-02	1.294229999999999946e-03	-5.640089999999999730e-04	5.878380000000000324e-04	1.168368800000000041e-01	-1.104014962000000044e-01	-7.081059889999999357e-02	8.389302939999999931e-02	5.827442380000000255e-02	-1.146600022999999940e-01	8.387633360000000537e-02	4.413289205172565630e+02	4.516695992442271290e+02
-3.507140000000000171e-03	-6.107239999999999891e-03	4.154330000000000522e-02	7.295970000000000146e-04	1.345730000000000006e-04	5.878380000000000324e-04	1.693881099999999806e-01	-9.923200579999999493e-02	-8.315415260000000308e-02	-6.833025589999999760e-02	7.402660000000001184e-02	5.746711250000000049e-02	5.336893670000000117e-02	4.412960441721209577e+02	4.519437337904859646e+02
-8.495030000000000636e-03	-1.073510000000000020e-01	4.864790000000000086e-02	5.991650000000000274e-04	-8.456629999999996992e-05	5.878380000000000324e-04	1.308148150000000010e-01	-9.525601929999999440e-02	-8.884293560000000589e-02	3.228029749999999920e-02	1.689341789999999899e-02	-3.907153590000000259e-02	-6.632986769999998922e-02	4.395775572918389003e+02	4.517795118758708099e+02
-6.882110000000000311e-03	2.945189999999999961e-02	4.427200000000000579e-02	-1.935229999999999969e-04	2.279319999999999990e-04	5.878380000000000324e-04	1.980510349999999864e-01	-3.210446510000000003e-02	-9.174355099999999957e-03	-6.106462339999999683e-02	-1.315177860000000046e-02	1.708017615999999905e-01	-3.749207990000000268e-02	4.400254974943109119e+02	4.516486702201036110e+02
3.266339999999999955e-03	-1.592599999999999849e-01	1.523549999999999904e-02	9.697010000000000048e-04	3.691930000000000277e-04	5.878380000000000324e-04	2.931210999999999678e-01	1.918130440000000159e-02	-3.442945529999999477e-02	1.414434870000000344e-02	3.381285020000000113e-02	-7.523517259999999707e-02	-1.909621110999999982e-01	4.388594727816960699e+02	4.513714332342797206e+02
-5.610100000000000676e-03	2.275300000000000120e-04	2.614280000000000076e-02	-2.177559999999999934e-04	8.623980000000000057e-05	3.527819999999999979e-04	2.645445799999999736e-01	2.650932329999999837e-02	-3.139511770000000257e-02	1.509832749999999967e-02	2.368920899999999927e-03	1.015496815999999969e-01	-5.403792849999999870e-02	4.405332199187159858e+02	4.514186749276540240e+02
-5.725339999999999770e-03	-7.415839999999999932e-02	5.079769999999999945e-03	8.559909999999997399e-04	4.292630000000000268e-05	1.717079999999999627e-04	1.604709249999999865e-01	6.154665000000000136e-02	-5.422111179999999919e-02	1.078769029999999962e-02	2.711473340000000037e-02	-6.287774929999999374e-02	-1.173601892000000063e-01	4.405799368949993777e+02	4.509874192375489201e+02
-1.185349999999999945e-03	2.453129999999999981e-03	-2.024209999999999920e-04	-9.669110000000000671e-05	9.333780000000000614e-05	1.717079999999999627e-04	1.365883910000000034e-01	7.726151679999999911e-02	-2.437815990000000155e-02	1.941930520000000049e-02	6.700573999999999940e-03	7.500888960000000327e-02	4.152277540000000322e-02	4.413812202691291304e+02	4.512188496156794031e+02
-5.602860000000000305e-03	-8.327890000000000292e-02	-7.918440000000000548e-03	7.935379999999999908e-04	2.389740000000000061e-04	-1.679000000000000154e-04	1.666392240000000025e-01	8.611192990000000880e-02	1.920911209999999827e-02	-3.902631050000000129e-02	1.715366870000000279e-02	-1.408861037999999954e-01	-5.661125230000001174e-02	4.406143252418569887e+02	4.511951499637091274e+02
2.472659999999999789e-02	-9.102870000000000481e-05	-2.547299999999999912e-02	-1.925399999999999963e-04	-8.079500000000000147e-05	2.644079999999999745e-08	2.047605633400000347e-01	4.309367890000000145e-02	5.640759060000000158e-02	1.045469341000000024e-01	1.427280659999999660e-02	7.166621380000000319e-02	4.839438070000000314e-02	4.405317466862688320e+02	4.514080818385517091e+02
-1.316049999999999859e-02	-5.844900000000000095e-02	-1.758009999999999781e-02	2.317019999999999985e-04	-6.663390000000000589e-05	1.921420000000000181e-04	1.356639042600000233e-01	5.665458230000001288e-02	1.196887846000000005e-01	-1.525219033999999918e-01	5.788769550000000264e-02	-8.128508639999999785e-02	-3.798149609999999787e-02	4.413496620793408738e+02	4.516580356058488519e+02
-6.032580000000000060e-03	-5.001710000000000184e-02	-2.478330000000000116e-02	4.683099999999999936e-04	-7.714949999999997005e-05	-1.029639999999999988e-04	4.987450000000000216e-02	5.188997680000000112e-02	8.321382709999999849e-02	1.273532239999999871e-01	2.253389849999999986e-02	-8.376444300000000787e-03	-1.304898400000000002e-03	4.399789355951271546e+02	4.514914329421558250e+02
9.613550000000000220e-03	-2.778000000000000261e-02	6.051720000000000016e-03	3.905550000000000037e-04	-5.640089999999999730e-04	-2.306730000000000054e-04	1.033344249999999936e-01	3.087477129999999931e-02	8.787034800000000090e-02	-1.383426527999999933e-01	2.630616900000000077e-02	-3.813271719999999920e-02	4.216132490000000510e-02	4.418324170906948325e+02	4.515957047745906721e+02
6.032209999999999656e-03	-8.143409999999998150e-02	-1.509429999999999973e-03	5.986270000000000133e-04	-5.640089999999999730e-04	-1.775359999999999753e-04	7.785704000000000236e-02	4.858182299999999620e-03	8.328335010000000038e-02	1.176437651000000056e-01	1.928273500000000050e-03	-9.146256140000000312e-02	-2.408983180000000279e-02	4.421421448280628965e+02	4.517156961871738190e+02
3.293819999999999821e-03	-1.837910000000000108e-03	-7.009950000000000035e-03	1.927220000000000159e-04	-3.969490000000000106e-04	-8.542350000000000637e-05	1.210889749999999460e-01	-2.491380599999999841e-03	1.294088286999999782e-01	-8.280477199999999871e-02	3.541496000000000227e-02	1.264289870000000031e-02	6.222535500000000303e-02	4.422202261477597744e+02	4.520782585563248404e+02
9.565600000000000491e-03	-8.829679999999998086e-02	2.778120000000000242e-02	3.073790000000000398e-04	-5.640089999999999730e-04	-2.306730000000000054e-04	1.488701450000000093e-01	-4.566333019999999770e-02	1.048309969999999952e-01	4.861819130000000211e-02	-1.295186670000000005e-02	-1.125693353999999979e-01	7.938240180000000201e-02	4.420056382110553841e+02	4.519727092487751179e+02
-3.799690000000000099e-03	7.599999999999999985e-03	1.412899999999999920e-02	-3.370709999999999852e-04	-2.752869999999999818e-04	2.438640000000000219e-04	1.932997399999999977e-01	-1.250163611000000008e-01	-6.506393999999999763e-04	-2.223154819999999948e-02	8.844361029999998902e-02	8.628129699999999291e-02	7.105300950000000004e-02	4.415254807411212141e+02	4.524221565163289824e+02
-6.687289999999999597e-04	-1.000879999999999964e-01	1.881779999999999911e-02	4.977840000000000303e-04	-3.181549999999999786e-04	-2.682000000000000071e-05	1.729281109999999400e-01	-1.225717318000000000e-01	-2.326949739999999850e-02	2.885949120000000021e-02	8.156602190000000752e-02	-6.174870230000001348e-02	7.823076499999999725e-03	4.421339257417789668e+02	4.522430445508609864e+02
-1.209020000000000060e-02	1.574340000000000114e-02	3.317570000000000154e-03	-2.726089999999999915e-04	-1.975400000000000094e-04	-8.281860000000000697e-05	1.901034310000000171e-01	-7.307564499999999463e-02	-3.207202069999999516e-02	3.545743240000000240e-02	6.346519159999999826e-02	1.202212406000000011e-01	5.971178480000001454e-02	4.421864581093009861e+02	4.520432607153510389e+02
-1.081000000000000016e-02	-8.296820000000000583e-02	1.227160000000000056e-02	4.121290000000000110e-04	-3.009699999999999661e-05	-1.527839999999999927e-04	1.550531500000000007e-01	-3.994659019999999977e-02	-6.392042490000000854e-02	-8.422728460000000750e-02	1.344119390999999886e-01	-9.794223800000000091e-02	-3.820189529999999667e-02	4.412590582838436148e+02	4.518132239464368354e+02
4.003229999999999983e-03	-7.317889999999998771e-03	-2.491480000000000083e-02	-6.458550000000000022e-05	-1.666679999999999974e-04	-2.306730000000000054e-04	1.622086650000000019e-01	-2.372822720000000371e-02	-7.719380650000000343e-02	8.228571580000000607e-02	7.440354219999999186e-02	6.312140089999999926e-02	2.257420229999999861e-02	4.421840544142556837e+02	4.517364178289734582e+02
-9.031920000000000573e-03	-2.548549999999999774e-02	2.336999999999999841e-02	-2.793200000000000023e-04	-1.568630000000000057e-04	-1.680870000000000053e-04	9.384383500000000045e-02	-2.788927999999999893e-02	-7.335519009999999507e-02	-1.019938291000000025e-01	1.021609846000000044e-01	3.328368699999999930e-02	1.239541660000000045e-02	4.407873912851177920e+02	4.516984253872431054e+02
-6.319649999999999573e-03	-7.003420000000000478e-02	-4.714150000000000285e-03	3.552769999999999800e-04	-8.985040000000000290e-05	-2.306730000000000054e-04	1.135548999999999448e-01	-2.192218399999999821e-03	-9.889618460000000610e-02	6.003536090000000103e-02	7.099036820000000081e-02	-6.566264969999999201e-02	-2.953321630000000156e-02	4.415716549475558281e+02	4.515946180912137038e+02
-1.000159999999999938e-03	7.708739999999997348e-04	-1.588820000000000163e-02	-5.380619999999999587e-04	-2.131550000000000014e-04	-2.306730000000000054e-04	1.381307940000000012e-01	-1.746628730000000101e-02	-1.248744635000000047e-01	-6.552723169999999375e-02	5.759492869999999903e-02	1.162651370999999989e-01	-4.807601610000000053e-02	4.414433674168323023e+02	4.517817018332106045e+02
-5.126109999999999695e-03	-7.998210000000000042e-02	-2.009370000000000253e-02	2.728799999999999759e-04	-1.957359999999999840e-04	-3.241790000000000145e-04	1.351777740000000005e-01	-1.403640050000000070e-02	-8.068381179999999098e-02	-2.005823099999999928e-03	6.946404320000000576e-02	-7.267040959999999938e-02	-1.370375930999999936e-01	4.419789649499076631e+02	4.519014526822982134e+02
-1.342990000000000069e-03	1.339779999999999791e-02	-5.596450000000000036e-02	-7.324969999999999225e-04	-5.640089999999999730e-04	-2.306730000000000054e-04	2.063916199999999979e-01	-2.054384979999999972e-02	-3.413718190000000069e-02	5.728080660000001156e-02	6.936533990000000316e-02	1.554963409000000019e-01	-1.194130746000000021e-01	4.413705199492500242e+02	4.520961929796919776e+02
-8.911590000000000483e-03	-7.985969999999999180e-02	-1.813750000000000084e-02	1.296050000000000034e-04	-4.421989999999999992e-04	-2.306730000000000054e-04	1.878487000000000073e-01	-9.747595399999999660e-03	8.147371700000001146e-03	-7.725212169999999545e-02	5.587376320000000257e-02	-2.956783090000000142e-02	-1.652318919999999913e-01	4.416018562127217137e+02	4.521916303251305180e+02
-1.364020000000000163e-02	-1.819329999999999906e-02	-4.755099999999999605e-02	-2.281899999999999955e-04	-8.108349999999999846e-04	-2.306730000000000054e-04	1.321300599999999936e-01	2.880019799999999908e-02	-1.208133999999999944e-02	1.251740887999999996e-01	7.715228849999999916e-02	1.595406053999999796e-01	-9.233224600000000670e-02	4.408430639639087190e+02	4.518397357027186558e+02
-1.363770000000000086e-02	-4.592190000000000161e-02	-1.329039999999999909e-02	-2.813220000000000282e-04	-9.680510000000000460e-04	-4.065340000000000078e-04	8.130215000000000358e-02	6.731954769999999588e-02	-3.681585299999999908e-03	-1.306384768999999946e-01	6.076161039999999902e-02	-1.799685980000000074e-02	-3.517091929999999894e-02	4.419772978710859093e+02	4.515307194495871954e+02
-1.158889999999999920e-02	-5.505140000000000033e-02	-4.301319999999999449e-02	4.177459999999999811e-04	-7.284789999999997587e-04	-2.306730000000000054e-04	9.662614999999999399e-02	1.356307935000000131e-01	-3.038728859999999948e-02	1.039064722000000024e-01	4.744374360000000457e-02	2.930368150000000130e-02	-1.234114700000000023e-02	4.404603336818587991e+02	4.510317409878033459e+02
-1.362949999999999925e-02	-4.336750000000000327e-03	-4.738779999999999729e-03	-2.432900000000000102e-04	-2.510049999999999998e-04	-2.306730000000000054e-04	1.479551699999999970e-01	8.380867490000000475e-02	-7.127259860000000058e-02	-8.141054470000000376e-02	3.285282040000000320e-02	-3.956934559999999990e-02	5.123613579999999890e-02	4.418526934214801258e+02	4.513664145820424096e+02
-1.363849999999999958e-02	-7.197289999999999244e-02	-3.841950000000000226e-02	4.239760000000000078e-04	-6.717000000000000097e-04	-2.306730000000000054e-04	1.557239199999999879e-01	5.855462139999999954e-02	3.927010570000000200e-02	1.189235129000000002e-01	-8.459554000000001073e-03	-5.799100880000000041e-02	2.073320830000000004e-02	4.432663762623096204e+02	4.517189396467189226e+02
-4.546820000000000028e-03	-1.355310000000000022e-02	-2.901729999999999934e-03	-5.829410000000000147e-04	-5.564609999999999565e-04	-2.306730000000000054e-04	1.591370500000000576e-01	4.585721800000000341e-03	6.815264379999999567e-02	-6.500365169999999804e-02	-2.964088590000000037e-02	-7.540893199999998235e-03	-1.158341189999999993e-02	4.426864654479961132e+02	4.522923683627668652e+02
-1.364509999999999855e-02	-5.232930000000000220e-02	-1.520480000000000095e-02	2.365989999999999687e-05	-9.680510000000000460e-04	-2.306730000000000054e-04	1.110870949999999968e-01	-5.510194499999999246e-03	1.290162407000000067e-01	7.581976780000000693e-02	-1.530697219999999949e-02	2.062857790000000024e-02	-3.683335170000000269e-02	4.422108052139532219e+02	4.524975441386972079e+02
-1.364509999999999855e-02	-2.086270000000000138e-02	2.478140000000000204e-02	-5.829410000000000147e-04	-9.680510000000000460e-04	-2.306730000000000054e-04	1.017828449999999968e-01	8.262934160000000305e-02	7.693828559999998928e-02	-6.746435409999999855e-02	-2.052084309999999828e-02	8.543402390000000290e-02	-2.596591029999999883e-02	4.408886178619445104e+02	4.518086034682613104e+02
-1.363280000000000047e-02	-4.997549999999999909e-02	3.900020000000000136e-03	4.504210000000000028e-04	-9.680510000000000460e-04	-3.583919999999999662e-04	1.080605300000000019e-01	1.327237974000000098e-01	6.115516840000000121e-02	9.968703919999999385e-02	-3.828836280000000314e-02	-2.075897830000000138e-02	1.114591199999999914e-03	4.400359264292656007e+02	4.514101971382547731e+02
-1.364509999999999855e-02	1.296520000000000138e-02	1.812770000000000006e-02	-4.294180000000000414e-04	-9.680510000000000460e-04	-2.306730000000000054e-04	1.275585800000000047e-01	1.350193531000000169e-01	-1.189661810000000076e-02	-8.607968000000000564e-02	-9.202945500000000306e-03	5.121584280000000128e-02	8.838433710000002941e-02	4.396306711984847198e+02	4.512282398873036300e+02
-4.966189999999999667e-03	-6.991719999999999879e-02	-1.519129999999999786e-02	1.778859999999999838e-04	-9.680510000000000460e-04	-2.306730000000000054e-04	1.552455100000000032e-01	5.356165670000000156e-02	1.868807600000000095e-03	7.603438559999999014e-02	9.340842499999999979e-03	-8.716346050000001178e-02	7.208233660000000487e-02	4.414385212574667889e+02	4.518485121226642036e+02
-1.364509999999999855e-02	-1.225170000000000078e-02	4.071500000000000466e-03	-3.887330000000000473e-04	-9.680510000000000460e-04	-2.306730000000000054e-04	1.139381599999999550e-01	-1.870819380000000171e-02	2.939677920000000055e-02	-4.301070740000000059e-02	-1.843895699999999888e-02	-2.460284849999999982e-02	-1.127670729999999920e-02	4.432592039464486788e+02	4.523828865994836974e+02
-1.365679999999999845e-02	-4.172850000000000170e-02	-3.120579999999999882e-02	-4.087890000000000057e-04	-7.302979999999999932e-04	-2.306730000000000054e-04	7.765624999999996836e-02	-6.526644809999999908e-02	1.348512108000000098e-01	8.053231630000000363e-02	1.393655910000000074e-02	-2.586240869999999886e-02	-4.310546990000000550e-02	4.437630106740863312e+02	4.529816740260928327e+02
-1.364060000000000099e-02	7.101750000000000423e-03	-2.589900000000000188e-02	3.369439999999999913e-04	-1.257099999999999928e-03	-2.306730000000000054e-04	1.177799999999999958e-01	-4.321151689999999657e-02	1.802549371000000122e-01	-6.322128800000000048e-02	2.105453220000000347e-02	3.474765519999999802e-02	-3.240084390000000369e-02	4.434068761146343149e+02	4.528113135946914554e+02
-1.368720000000000180e-02	-7.391999999999999960e-02	-1.376920000000000054e-02	1.555139999999999886e-04	-7.210860000000000143e-04	1.762229999999999830e-04	1.494151499999999966e-01	-4.012654709999999986e-02	1.825814701000000040e-01	7.299574170000000528e-02	6.967085600000000670e-03	-1.761701140000000027e-02	5.993639900000000131e-03	4.433514748207679759e+02	4.526289415790923840e+02
-2.311119999999999841e-02	-6.449540000000000134e-03	-1.010050000000000010e-02	-5.919690000000000238e-04	-1.452490000000000074e-03	1.217829999999999960e-04	1.572295099999999612e-01	4.305394130000000236e-02	1.594024200999999974e-01	-6.527806790000000026e-02	5.309376200000000268e-02	6.036671799999999977e-02	5.737015830000000149e-02	4.432975467593485064e+02	4.523661881747668190e+02
-2.250250000000000167e-02	-6.447699999999999265e-02	-2.477240000000000344e-02	3.979490000000000349e-04	-1.452490000000000074e-03	-2.306730000000000054e-04	1.404267599999999838e-01	6.943944350000000321e-02	9.462548410000000410e-02	1.094074775999999971e-01	1.275327520000000062e-02	-6.015664340000000110e-02	1.670910039999999944e-02	4.425948924206256265e+02	4.519222655723203843e+02
-2.502379999999999882e-02	7.523479999999999925e-03	-2.059259999999999910e-02	-4.827640000000000013e-04	-1.642229999999999948e-03	-2.306730000000000054e-04	1.322242299999999982e-01	1.692202341000000054e-01	7.651200110000000443e-02	-3.048242799999999891e-02	7.168921030000000028e-02	5.570878459999999838e-02	1.107645963999999983e-01	4.410425318833927690e+02	4.514373559273871592e+02
-1.364100000000000035e-02	-8.767410000000000481e-02	-2.392820000000000016e-02	4.061219999999999717e-04	-1.643780000000000067e-03	-2.306730000000000054e-04	1.544377799999999967e-01	1.830462320000000032e-01	-4.899585570000000029e-02	6.540223349999998992e-02	-1.149408969999999967e-02	-8.383069830000000611e-02	7.799357499999999555e-02	4.410383835709760092e+02	4.508884563926048372e+02
-1.969499999999999897e-03	9.516230000000000522e-03	5.226609999999999590e-02	7.808620000000000057e-04	5.510140000000000610e-04	1.079950000000000094e-03	3.790639800000000226e-01	1.277415600000000040e-01	-1.169783709000000033e-01	-2.026944639999999839e-02	-1.403726510999999955e-01	6.883084809999999443e-02	9.887234870000000120e-02	4.395560403442559618e+02	4.510579126370740255e+02
-1.485719999999999999e-04	-7.515989999999998783e-02	8.024320000000000064e-02	5.963930000000000750e-04	5.510140000000000610e-04	9.921819999999998731e-04	1.280860079999999457e-01	2.778511180000000150e-02	-1.335113980000000033e-01	-4.218351640000000263e-02	-1.259143124000000058e-01	-1.142184891000000008e-01	1.234830373000000009e-01	4.404896432537013311e+02	4.517505032364098270e+02
1.186949999999999984e-02	-4.019690000000000069e-02	2.224399999999999988e-02	6.827919999999999909e-04	5.510149999999999684e-04	9.980339999999998570e-04	1.095928719999999940e-01	-1.128733665000000025e-01	-5.356495599999999691e-02	-2.810015420000000139e-02	-8.601418349999999380e-02	-5.905809139999999846e-02	9.334570229999999968e-02	4.418409075619031796e+02	4.528099780525257643e+02
1.659409999999999889e-04	-8.635289999999996857e-02	3.387249999999999983e-02	3.711999999999999696e-04	5.510149999999999684e-04	8.118519999999997344e-04	9.437675900000000451e-02	-1.777892023999999849e-01	-1.311331020000000049e-02	2.934451550000000131e-02	-1.154790863000000056e-01	-1.123848067000000062e-01	-6.772882080000000582e-02	4.432133786634884700e+02	4.533074550662847741e+02
2.412949999999999817e-02	-1.364089999999999921e-02	-6.983510000000000065e-03	2.214399999999999940e-04	7.827000000000001057e-04	9.774350000000000226e-04	1.648829689999999903e-01	-2.221094185999999970e-01	-1.076959060000000010e-02	-1.677062080000000024e-02	-4.008170810000000195e-02	1.726825439999999864e-02	-4.126387489999999714e-02	4.433671376078372077e+02	4.534711460821508808e+02
-2.216319999999999922e-03	-8.708950000000000025e-02	1.402829999999999876e-02	3.536619999999999760e-04	5.510149999999999684e-04	7.448119999999997529e-04	1.506327300000000202e-01	-1.545747212999999953e-01	1.006495651999999991e-01	2.601681440000000109e-02	-9.879909050000000581e-02	-8.301701039999999365e-02	-7.042372519999999525e-02	4.425332492734963807e+02	4.532911299297508094e+02
-1.013639999999999897e-03	1.310459999999999924e-02	1.505279999999999986e-02	1.947059999999999752e-04	5.510149999999999684e-04	8.757079999999999986e-04	1.169138799999999562e-01	-1.799995330999999976e-01	-3.039908959999999827e-02	-7.378184190000000586e-02	-3.605648069999999733e-02	1.458309435999999848e-01	3.690400619999999882e-02	4.414565102010315059e+02	4.531528308056176684e+02
1.184239999999999945e-02	-1.446150000000000213e-01	1.490049999999999882e-02	1.148900000000000008e-03	6.343310000000000224e-04	9.600139999999999195e-04	2.268187399999999909e-01	-1.257931958999999877e-01	-4.546437180000000022e-02	4.822067659999999811e-02	1.711930379999999918e-02	-8.102782449999999803e-02	-2.467257000000000131e-02	4.423601056916857033e+02	4.528336362280313097e+02
1.188059999999999984e-02	2.356619999999999895e-02	3.260470000000000035e-02	-1.327029999999999931e-04	3.807249999999999979e-04	7.448119999999997529e-04	2.734441499999999414e-01	-5.765836170000000066e-02	-7.458010539999999911e-02	-6.323362000000000427e-02	-3.741113620000000028e-02	1.325913779000000015e-01	6.324306000000000372e-02	4.429158632477216315e+02	4.523841889604775020e+02
1.506629999999999905e-03	-1.354450000000000376e-01	2.307429999999999898e-02	8.085560000000000967e-04	4.216210000000000075e-04	7.448119999999997529e-04	2.280233200000000016e-01	-2.728154270000000131e-02	-1.437543984000000108e-01	-6.386697400000000344e-03	-2.421968120000000252e-02	-1.124262557999999995e-01	4.020817299999999983e-02	4.411452704619416068e+02	4.520229621334920012e+02
1.188009999999999934e-02	1.318720000000000135e-02	4.407049999999999856e-02	-3.993259999999999778e-04	5.510149999999999684e-04	8.775610000000000094e-04	2.535031200000000262e-01	1.284909899999999924e-02	-1.490166589999999958e-01	-8.910746500000000375e-03	-1.026063489999999995e-01	1.196204386000000036e-01	9.972484800000000482e-02	4.418415278703019453e+02	4.518270107233267936e+02
1.187760000000000031e-02	-9.496189999999998799e-02	4.481249999999999817e-02	6.970750000000000167e-04	5.510149999999999684e-04	7.448129999999999855e-04	1.703510500000000039e-01	1.976401469999999883e-02	-1.834500840999999938e-01	-3.386139650000000167e-02	-9.935999510000000090e-02	-7.459905420000000065e-02	-1.668641900000000095e-03	4.400495732140388441e+02	4.518480309956728433e+02
-1.929950000000000068e-02	1.050770000000000176e-02	3.558139999999999914e-02	3.277609999999999947e-05	5.476380000000000310e-04	9.546569999999999232e-04	1.897537950000000029e-01	1.573613769999999967e-02	-1.079615886000000052e-01	-4.057727799999999961e-03	-7.200078440000000357e-02	1.025585125999999986e-01	4.094146390000000246e-02	4.408224774789240428e+02	4.519862554621693675e+02
1.185920000000000203e-02	-1.025729999999999975e-01	3.583889999999999992e-02	1.123099999999999923e-03	6.846120000000000243e-04	9.419839999999999854e-04	2.064954449999999997e-01	-2.409185660000000284e-02	-1.237840161999999994e-01	-3.626363850000000055e-02	-7.286993419999999999e-02	-5.881230820000000331e-02	-5.115663809999999867e-02	4.399082592069407838e+02	4.522032852117313269e+02
1.188949999999999903e-02	-5.086590000000000208e-03	2.878030000000000171e-03	2.789450000000000067e-04	-1.722259999999999872e-04	7.448129999999999855e-04	2.253857799999999523e-01	-1.962253339999999943e-02	-4.112133440000000084e-02	5.106954480000000518e-02	-7.107200349999999445e-02	1.176081466999999992e-01	-4.411186860000001347e-02	4.412316096371972662e+02	4.525330396972483982e+02
2.500430000000000100e-03	-9.400410000000000710e-02	1.456170000000000207e-02	7.465660000000000482e-04	1.258790000000000021e-05	9.292969999999999356e-04	1.518361949999999794e-01	-2.125236620000000090e-02	-4.981062239999999725e-02	-9.711022229999999311e-02	-6.560874900000000787e-02	-1.857988240000000082e-02	-1.626347156000000072e-01	4.414458486504274219e+02	4.526787133368177933e+02
5.828689999999999653e-04	-2.166979999999999948e-02	-1.321760000000000122e-02	5.034710000000000183e-04	1.145310000000000051e-04	1.026379999999999914e-03	1.241372159999999808e-01	8.345212200000000358e-03	-2.757435260000000096e-02	4.912228700000000059e-02	-4.107325860000000245e-02	1.013013026999999983e-01	-5.075749689999999731e-02	4.419601230822945581e+02	4.523499045146976414e+02
-7.569949999999998035e-03	-6.969810000000001282e-02	1.044129999999999885e-02	6.225019999999999295e-04	1.859309999999999991e-05	9.747599999999999711e-04	9.316946400000000739e-02	2.187945319999999930e-02	-5.128426529999999955e-02	-6.744863010000000381e-02	-7.200813639999999183e-02	1.037492710000000040e-02	-1.462179557999999935e-01	4.415944900504862289e+02	4.521829949251652465e+02
6.499219999999999997e-03	-1.239950000000000080e-02	6.207700000000000023e-03	2.871709999999999649e-04	2.081730000000000006e-04	1.186989999999999964e-03	1.124584150000000060e-01	-7.955842099999999029e-03	2.932095649999999845e-02	2.197568800000000017e-02	-1.138842557000000061e-01	7.629929239999999613e-02	6.714517599999999913e-03	4.434157930478668277e+02	4.524386973304798403e+02
2.439600000000000102e-03	-1.051480000000000053e-01	3.101089999999999923e-03	8.068760000000000992e-04	-6.178079999999999640e-05	1.021540000000000035e-03	1.476701699999999617e-01	4.969950020000000329e-02	1.107277930000000014e-02	-3.706669220000000098e-02	-9.154137219999999853e-02	-8.973554829999999538e-02	-3.842508699999999666e-02	4.422558938806899391e+02	4.522028455612048106e+02
3.062409999999999704e-05	3.882590000000000000e-03	5.302499999999999922e-03	8.273399999999997732e-06	-5.689890000000000507e-06	1.236370000000000524e-03	1.671171514000000247e-01	-2.260794390000000001e-02	7.367103599999999530e-02	5.801958400000001292e-02	-8.816833999999999782e-02	6.992215019999999115e-02	7.948389200000000043e-02	4.430466320120403338e+02	4.525045619565364632e+02
-8.052409999999997695e-03	-1.035640000000000033e-01	1.726089999999999916e-02	7.796149999999999955e-04	-1.722259999999999872e-04	1.187200000000000017e-03	1.768404096000000536e-01	4.670276939999999655e-02	4.837111630000000273e-02	-8.281238000000000488e-02	-7.098642690000001032e-02	-8.968512119999999532e-02	-2.956085800000000062e-03	4.422968342350096691e+02	4.523748152794390762e+02
-8.410139999999997375e-04	-2.722190000000000200e-03	-3.408619999999999792e-03	1.594380000000000005e-04	-1.722259999999999872e-04	1.333020000000000082e-03	1.670225760000000059e-01	-2.808291320000000021e-02	7.249442740000000551e-02	1.042769256000000005e-01	-7.505321040000000055e-02	4.132395049999999792e-02	1.237703747000000049e-01	4.428938810688396188e+02	4.526311813081901505e+02
-3.311619999999999928e-03	-7.247030000000000138e-02	2.825989999999999752e-02	5.601669999999999783e-04	-2.631690000000000006e-04	1.345180000000000074e-03	1.290788360000000023e-01	1.776196889999999765e-02	7.210560269999999328e-02	-1.129955376999999955e-01	-6.281644340000000493e-02	-1.313823953999999905e-01	6.514375270000000162e-02	4.429029530791718798e+02	4.525466107965215201e+02
-1.478639999999999989e-02	-2.734669999999999809e-02	-1.654250000000000165e-02	6.476739999999999928e-04	-4.358329999999999995e-05	1.453890000000000000e-03	1.221909149999999972e-01	-8.901057400000000897e-02	-2.020478599999999802e-03	1.013068782000000057e-01	4.672802890000000292e-02	-3.496783939999999896e-02	7.492611759999999455e-02	4.430417858526747636e+02	4.528477050448816499e+02
-1.696949999999999847e-02	-7.439279999999998116e-02	3.480800000000000040e-03	3.458399999999999821e-04	-1.771459999999999875e-04	1.513669999999999946e-03	9.401133499999995979e-02	-7.298567970000000016e-02	-1.384815169999999845e-02	-1.149855248999999968e-01	5.004850100000000392e-03	-1.030090094000000039e-01	3.292898429999999849e-02	4.433411234243631611e+02	4.528959172875318018e+02
-1.411970000000000065e-02	-4.367309999999999942e-02	-3.390649999999999914e-02	5.010260000000000104e-04	1.723059999999999729e-04	1.329620000000000107e-03	1.053911999999999627e-01	-8.662860460000000595e-02	-8.178001449999999783e-02	8.468720320000000523e-02	6.443476730000000097e-02	8.796188999999999397e-03	-2.432048350000000012e-02	4.426834414445521588e+02	4.529194012618852412e+02
-9.332210000000000505e-03	-5.941619999999999541e-02	5.823569999999999268e-04	5.010260000000000104e-04	-2.738980000000000125e-04	1.240940000000000055e-03	8.176364700000000874e-02	-7.438961599999999175e-02	-6.113875120000000080e-02	-1.087420624000000058e-01	7.269893019999999761e-02	-3.159264020000000089e-02	-7.138468200000000312e-03	4.432398580782617046e+02	4.526230685116809127e+02
-1.497539999999999982e-02	-3.440669999999999840e-02	-3.392200000000000076e-02	1.845949999999999902e-04	1.034040000000000013e-04	1.341710000000000081e-03	1.048821969999999965e-01	-4.407205250000000019e-02	-9.155263330000000532e-02	8.119845889999999233e-02	4.702963500000000019e-02	7.681731910000000330e-02	-8.521627989999999708e-02	4.422142169101466607e+02	4.527030019545878758e+02
-6.362129999999999695e-03	-1.031030000000000002e-01	-3.378989999999999772e-02	8.430970000000000087e-04	-5.965649999999999642e-04	1.231869999999999927e-03	1.508572199999999863e-01	-2.386903470000000319e-02	-7.737883959999999894e-02	-5.878546359999999721e-02	1.095951111999999977e-01	-6.173783420000000105e-02	-1.135325801000000023e-01	4.430256966035813093e+02	4.524609287155971629e+02
-2.513540000000000219e-02	2.966580000000000258e-02	-4.200219999999999648e-02	-2.024899999999999942e-04	-9.484090000000000196e-05	1.505870000000000082e-03	2.508199249999999991e-01	2.774998730000000080e-02	-2.570571669999999892e-02	7.907540529999999845e-02	1.947651400000000033e-02	1.459698855000000073e-01	-4.695806479999999755e-02	4.434335106065071272e+02	4.525390537846402026e+02
8.696930000000000502e-04	-1.569270000000000109e-01	-7.363290000000000113e-02	1.019350000000000030e-03	-3.191299999999999888e-04	1.510349999999999930e-03	3.167590480000000430e-01	7.260729320000000597e-02	-2.003942619999999827e-02	-1.218882025999999952e-01	1.099479292999999969e-01	-5.024745860000000286e-02	-1.792020123999999437e-01	4.417241732751069776e+02	4.525727741504991855e+02
-2.288590000000000069e-02	-9.839149999999999199e-04	-1.726549999999999960e-02	1.189510000000000068e-04	-1.913000000000000150e-04	1.505720000000000105e-03	2.877090280000000333e-01	5.236717610000000273e-02	-1.581029060000000222e-02	1.728687060999999914e-01	-1.539501740000000056e-02	9.565530440000000190e-02	-7.107141799999999732e-02	4.429526552896244311e+02	4.523654830748657218e+02
-2.160990000000000133e-02	-4.687790000000000012e-02	-3.970320000000000099e-02	3.379509999999999632e-04	-2.850270000000000342e-04	1.661930000000000048e-03	9.305453499999999378e-02	1.565089246000000156e-01	6.519659599999999555e-02	-1.767710069000000550e-01	8.152350910000000228e-02	-2.234156299999999831e-02	-1.260003460000000061e-02	4.422591504997836296e+02	4.521737539688140828e+02
-2.141480000000000120e-02	-9.703939999999998400e-02	-3.284100000000000213e-02	5.553819999999999894e-04	-2.457109999999999655e-04	1.520440000000000073e-03	7.713064999999998117e-02	1.445924815999999891e-01	1.855426959999999931e-02	2.294916740999999871e-01	-5.562998500000000159e-03	-4.530956869999999692e-02	-1.390990389999999938e-02	4.414107236873463194e+02	4.518189476985753004e+02
-2.599970000000000059e-02	2.032170000000000157e-02	-3.279519999999999658e-02	-2.248529999999999714e-06	-2.902599999999999755e-04	1.402019999999999916e-03	1.580217765000000163e-01	5.326558299999999829e-02	8.970721769999999429e-02	-1.188080098000000029e-01	7.859020059999999308e-02	1.440082080000000021e-02	1.321013125000000121e-01	4.429100090872080386e+02	4.525120526060742350e+02
-6.441839999999999893e-03	-1.309220000000000106e-01	-4.849459999999999882e-02	1.496249999999999967e-03	-1.132900000000000053e-03	1.402019999999999916e-03	3.035578865000000404e-01	8.328141899999998848e-03	1.339322665999999884e-01	1.442393891000000039e-01	4.926803460000000329e-02	-1.288915043999999954e-01	3.060419429999999830e-02	4.433936557918852372e+02	4.529575015424240974e+02
-2.210300000000000112e-02	2.629750000000000143e-02	-2.473290000000000211e-02	-3.450589999999999907e-04	-4.693380000000000251e-04	1.545960000000000086e-03	3.290829100000000063e-01	-1.053856110000000040e-01	5.054527679999999690e-02	-1.026194071000000041e-01	9.913357329999999967e-02	9.172436489999999387e-02	4.735608799999999931e-03	4.434637118716728992e+02	4.536891629715743193e+02
-6.892009999999999630e-03	-1.230000000000000121e-01	-3.163799999999999946e-02	6.643719999999999877e-04	-9.954180000000000840e-04	1.653759999999999996e-03	2.535791399999999807e-01	-6.086829879999999804e-02	1.359678987999999866e-01	6.388535550000000451e-02	1.390299222000000168e-01	-5.801666960000000095e-02	-3.070836860000000085e-02	4.441177495396411814e+02	4.533894540371375115e+02
-3.212149999999999728e-02	2.468470000000000039e-02	-1.916490000000000077e-03	-1.322310000000000152e-04	-9.096760000000002127e-04	1.648130000000000038e-03	2.470344499999999888e-01	-3.993660119999999786e-02	5.581257980000000479e-02	-5.399226570000000003e-02	1.560910538999999986e-01	1.045802088999999990e-01	2.517413259999999944e-02	4.425903176461844737e+02	4.532693796716249039e+02
-1.256670000000000009e-02	-1.214029999999999970e-01	-4.021210000000000062e-02	7.590939999999996544e-04	-8.210550000000000053e-04	1.643820000000000047e-03	2.531509099999999512e-01	-2.263481800000000186e-03	7.182076910000000092e-02	5.431355449999999974e-02	1.769292524999999949e-01	-8.167760759999999343e-02	8.264720879999999659e-02	4.431147108588068591e+02	4.528316868341871100e+02
-3.479229999999999823e-02	1.931509999999999824e-02	1.285689999999999923e-03	-3.111400000000000060e-04	-6.958339999999999925e-04	1.402019999999999916e-03	2.763042400000000343e-01	3.997038829999999959e-02	2.117840379999999870e-02	-8.659011600000000516e-03	1.117120417999999948e-01	5.374315400000000305e-03	2.009638891999999954e-01	4.430789655873268771e+02	4.525051177411644971e+02
-2.023070000000000077e-02	-6.804169999999999663e-02	-3.069329999999999975e-02	5.732059999999999326e-04	-8.374289999999999946e-04	1.662789999999999928e-03	1.982329399999999964e-01	-1.551559869999999917e-02	-1.043573735999999974e-01	9.319077000000000263e-03	1.814602183000000035e-01	-9.487383250000000490e-02	1.229508044999999966e-01	4.423501807573052247e+02	4.527647023435816322e+02
-2.096629999999999674e-02	-4.118030000000000301e-02	-2.318809999999999621e-02	-1.493189999999999980e-04	-1.015810000000000020e-03	1.682520000000000066e-03	8.113399999999997003e-02	-7.129199819999999799e-02	-5.262941749999999752e-02	-1.862099509999999916e-02	1.328918674000000022e-01	-6.600810999999999484e-02	1.453293739999999938e-02	4.439402250297641217e+02	4.533082265285295307e+02
-2.162429999999999908e-02	-5.169139999999999846e-02	-4.594999999999999779e-02	-1.493189999999999980e-04	-1.208080000000000048e-03	1.763569999999999678e-03	4.759699999999997960e-02	-8.756324660000000537e-02	-2.081475399999999868e-03	7.576459269999999413e-02	1.557437825000000109e-01	5.003548200000000092e-03	-7.848145080000000495e-02	4.447208831496341759e+02	4.535616145471098548e+02
-3.196260000000000073e-02	-2.654150000000000259e-02	1.203419999999999967e-03	-5.716410000000000111e-04	-9.486189999999999380e-04	2.093699999999999554e-03	1.332372699999999910e-01	-7.746880579999999850e-02	1.632173543999999865e-01	-6.265710269999999471e-02	1.203186230999999939e-01	3.041817620000000083e-02	-4.420371430000000212e-02	4.445674731287598433e+02	4.537618463284393897e+02
-3.744969999999999549e-02	-5.267200000000000354e-02	-2.644359999999999766e-02	4.952569999999999239e-04	-5.720750000000000141e-04	2.041079999999999804e-03	1.340677200000000568e-01	1.614204219999999801e-02	1.356978533999999847e-01	5.547902300000000231e-02	1.156989709000000033e-01	4.286945870000000158e-02	-3.363435199999999931e-02	4.435453211953880555e+02	4.532895953005542538e+02
-3.311490000000000267e-02	-1.541969999999999973e-02	1.833959999999999757e-02	-4.027530000000000519e-04	-1.132900000000000053e-03	2.111210000000000083e-03	1.628185500000000063e-01	1.595958630000000045e-01	1.347506202000000042e-01	-7.190853110000000603e-02	3.485192740000000317e-02	8.095860820000000402e-02	1.688893889999999731e-02	4.419474455293943720e+02	4.524416172735997179e+02
-3.290059999999999513e-02	-7.032389999999999475e-02	-3.809909999999999686e-02	8.030350000000000118e-04	-9.439360000000000372e-04	2.035089999999999816e-03	1.851007999999999820e-01	2.039257418000000044e-01	-1.556649279999999975e-02	1.003915028999999709e-01	9.122036120000000248e-02	-2.164951130000000029e-02	-6.000263289999999833e-02	4.412423874956261329e+02	4.518008556646420857e+02
-3.043679999999999997e-02	6.461030000000000419e-03	5.373420000000000279e-03	-1.970929999999999915e-04	-9.466649999999999631e-04	2.124689999999999825e-03	1.773441000000000600e-01	2.247453375000000031e-01	-4.950269749999999802e-02	-5.189541529999999736e-02	9.045088560000000277e-02	1.095377216999999931e-01	7.812799690000001018e-02	4.405488439365103090e+02	4.516138963520393190e+02
-4.993360000000000160e-02	-7.023120000000000751e-02	3.121020000000000391e-02	2.325459999999999789e-04	-1.132900000000000053e-03	2.126090000000000185e-03	1.528895100000000618e-01	1.791461982999999758e-01	-7.364504750000000488e-02	4.651777239999999730e-02	5.288470339999999659e-02	-6.119087530000000275e-02	-4.949422800000000469e-03	4.416905215444728583e+02	4.519789721949555883e+02
-3.322769999999999890e-02	-1.898590000000000000e-02	-4.593709999999999981e-03	-1.225330000000000006e-04	-1.132900000000000053e-03	1.969489999999999956e-03	1.293390600000000057e-01	1.066855731999999946e-01	-2.754833439999999911e-02	2.471719140000000134e-02	6.349231299999999467e-02	8.183023470000000410e-02	-3.267287049999999943e-02	4.422492255654029805e+02	4.525049186541335189e+02
-2.746740000000000292e-02	-7.906569999999998877e-02	-2.303960000000000036e-02	4.545619999999999891e-04	-1.132900000000000053e-03	1.924719999999999990e-03	1.153792399999999940e-01	7.410898600000000169e-02	-7.792907299999999628e-03	7.729070009999999824e-02	6.544677660000000619e-02	-3.465106569999999719e-02	-1.232071036000000064e-01	4.433812883931843771e+02	4.528211435168423691e+02
-4.410739999999999800e-02	2.599689999999999987e-02	-4.395529999999999923e-03	-4.340099999999999731e-04	-1.387809999999999955e-03	1.854460000000000049e-03	2.010337700000000005e-01	4.352027470000000009e-02	7.557426740000000587e-02	-1.310659439999999933e-02	3.177671859999999654e-02	1.879858987999999953e-01	-9.140285789999999522e-02	4.440194694277088274e+02	4.533008520130931629e+02
-4.817010000000000042e-03	-1.056549999999999989e-01	7.855149999999996857e-02	1.195340000000000031e-03	1.019949999999999937e-03	4.472690000000000303e-04	5.261043699999999879e-01	-4.865607770000000137e-02	7.548457919999999877e-02	-4.623997839999999943e-02	-2.017811123999999900e-01	-4.369186769999999775e-02	-1.224981804999999979e-01	4.437925528615785993e+02	4.534845263896860388e+02
2.610699999999999826e-02	-7.818659999999998111e-02	5.681309999999999832e-02	9.198380000000000792e-04	9.813989999999999866e-04	4.132060000000000008e-04	9.753660999999999581e-02	-2.320188000000000111e-02	2.645765900000000143e-02	4.243483370000000060e-02	-1.924821291999999906e-01	5.770687830000000018e-02	-9.114421239999999369e-02	4.421477276036519015e+02	4.531714869194717608e+02
7.687310000000000150e-03	-3.880319999999999603e-02	8.440079999999999805e-02	7.637160000000000042e-04	3.349310000000000091e-04	4.132049999999999851e-04	1.255203399999999803e-01	3.003918500000000123e-03	5.674048499999999849e-03	-7.175126400000000904e-02	-2.250493822999999893e-01	1.913464839999999903e-02	-6.035029730000000120e-02	4.436781835005526204e+02	4.530319103202236306e+02
7.141609999999999625e-03	-6.944069999999999410e-02	5.071040000000000270e-02	1.086860000000000040e-03	5.638870000000000037e-04	5.015790000000000439e-04	9.689729999999997789e-02	2.294578020000000163e-02	1.861929650000000019e-02	-2.341988479999999873e-02	-1.346613841000000034e-01	-2.070702300000000148e-02	8.975200600000000223e-03	4.431576672154226912e+02	4.528724250178853481e+02
2.843430000000000089e-03	-9.274960000000001537e-02	6.597760000000001124e-02	1.298710000000000012e-03	5.466469999999999316e-04	4.132049999999999851e-04	5.874747999999999776e-02	6.361843459999999562e-02	-6.973794679999999191e-02	1.717572200000000091e-02	-1.963288703999999940e-01	-4.890437510000000126e-02	4.379851929999999810e-02	4.423797229447972654e+02	4.525017332616391172e+02
7.605309999999998807e-03	-1.380749999999999859e-02	4.647459999999999786e-02	1.087129999999999954e-03	4.914350000000000272e-04	5.229100000000000198e-04	1.220318299999999939e-01	-1.065596469999999935e-02	-1.621779549999999986e-02	1.649895300000000066e-03	-1.371327126999999924e-01	5.897835970000000344e-02	1.355993013000000025e-01	4.429707993102888395e+02	4.530128643276007097e+02
-1.104920000000000034e-02	-9.570089999999999153e-02	6.025800000000000600e-02	8.694580000000000364e-04	8.168929999999998510e-04	5.949519999999999375e-04	1.450899099999999886e-01	8.548994799999999269e-03	-2.079646100000000133e-03	-4.109848590000000218e-02	-1.677127324999999891e-01	-1.074786414999999995e-01	1.925828699999999893e-02	4.432567227128536160e+02	4.531295044418303064e+02
1.101159999999999986e-02	-3.691549999999999693e-02	3.283169999999999839e-02	5.554009999999999633e-04	3.349319999999999706e-04	4.823769999999999794e-04	1.537021500000000374e-01	-4.196770629999999752e-02	3.801247039999999799e-02	4.980531309999999823e-02	-1.158490788999999993e-01	4.590735099999999902e-02	1.115172744000000049e-01	4.436480597739366090e+02	4.533924652284798640e+02
-5.359690000000000287e-03	-9.069919999999999372e-02	5.511499999999999733e-02	7.944949999999999886e-04	5.133400000000000419e-04	4.132049999999999851e-04	1.167719900000000061e-01	2.826458490000000739e-02	5.968980200000000534e-03	-4.651737650000000585e-02	-1.540628052000000137e-01	-7.682521829999999774e-02	-2.438060099999999827e-02	4.437796814623036994e+02	4.530216407475463143e+02
1.856879999999999989e-02	-2.493070000000000008e-02	-3.239559999999999836e-03	1.614700000000000163e-03	3.349319999999999706e-04	4.028099999999999736e-04	1.985019500000000103e-01	-4.302246360000000491e-02	5.261903729999999751e-02	6.604589780000000299e-02	-7.822517090000000173e-02	-2.265129730000000133e-02	5.566321540000000040e-02	4.443507528819345112e+02	4.535407269994511239e+02
-1.047699999999999933e-03	-7.886400000000000354e-02	4.029989999999999961e-02	8.929119999999999375e-04	3.349319999999999706e-04	4.840409999999999960e-04	1.572402099999999914e-01	-4.134683609999999926e-02	-5.413954799999999741e-03	-3.014226180000000033e-02	-1.099339051000000067e-01	-1.064913155000000028e-01	1.308812290000000052e-02	4.449400458607797191e+02	4.533505574084750265e+02
7.832580000000000445e-03	-4.944240000000000440e-02	5.858890000000000278e-03	5.963109999999999900e-05	-7.578860000000000143e-05	4.161850000000000141e-04	1.383357650000000549e-01	-1.029254743000000000e-01	4.493367119999999715e-02	5.886989470000000141e-02	-2.307814979999999946e-02	-3.312448799999999794e-03	3.984653999999999974e-02	4.454098907035839261e+02	4.538959729202165363e+02
2.730590000000000187e-03	-4.940040000000000403e-02	3.150319999999999510e-02	1.041269999999999956e-03	-7.578860000000000143e-05	2.553820000000000157e-04	8.791039500000000229e-02	-9.048298899999999978e-02	4.191553459999999842e-02	-5.176305400000000279e-02	-4.856494019999999662e-02	-6.098219249999999730e-02	-5.701008280000000039e-02	4.446835871071572797e+02	4.539138658671188296e+02
1.097940000000000027e-02	-1.500679999999999896e-02	2.547959999999999808e-02	7.175089999999999637e-04	1.659509999999999837e-04	4.161850000000000141e-04	8.498118999999997036e-02	-1.812752400000000041e-01	-6.710323230000000971e-02	8.670301899999999923e-03	7.185904800000000175e-03	8.771163599999999561e-02	-2.586011439999999842e-02	4.439296797869847069e+02	4.541266318361023195e+02
6.282349999999999914e-03	-1.077229999999999993e-01	3.154099999999999959e-02	1.084169999999999969e-03	3.429139999999999901e-04	4.161850000000000141e-04	1.306558499999999901e-01	-1.060501457000000008e-01	1.527981609999999948e-02	-7.741225579999999606e-02	-2.072983239999999852e-02	-8.284623550000000392e-02	-2.494501370000000093e-02	4.450524379887843907e+02	4.537667903230401407e+02
1.167829999999999910e-02	-8.433589999999997755e-03	-9.232910000000000205e-04	6.143509999999999596e-04	6.167929999999999745e-05	4.161850000000000141e-04	1.747023360000000136e-01	-1.327834239000000027e-01	-1.410376319999999926e-02	7.130511019999999367e-02	4.255559130000000079e-02	1.158535140000000047e-01	2.964283250000000064e-02	4.436988087548121484e+02	4.539674285737243622e+02
-1.312490000000000011e-02	-9.461839999999999140e-02	3.037950000000000025e-02	5.874340000000000681e-04	3.073689999999999907e-04	4.161850000000000141e-04	1.559211359999999880e-01	-3.794295909999999966e-02	-2.946472530000000117e-02	-1.665277230999999969e-01	2.877327490000000654e-02	-7.261511230000000650e-02	1.548449090000000340e-02	4.447093686749817607e+02	4.532816650004900225e+02
1.334509999999999863e-02	-5.494890000000000191e-02	-7.097399999999999369e-03	9.114780000000000711e-04	-7.578869999999998132e-05	4.161850000000000141e-04	1.389764849999999829e-01	-2.472606009999999896e-02	-1.137323729000000033e-01	1.264133416000000065e-01	1.753568030000000194e-02	6.794094200000000416e-02	8.253748380000000551e-02	4.423851118740116704e+02	4.530384221251927670e+02
-4.945019999999999624e-03	-7.471939999999999138e-02	2.828859999999999708e-02	5.446939999999999725e-04	2.626840000000000078e-04	4.161850000000000141e-04	1.087094549999999965e-01	3.542693840000000344e-02	-1.226126111999999990e-01	-1.737658498999999912e-01	3.197492999999999863e-02	-3.369902810000000026e-02	7.503285340000000192e-02	4.430668308042756394e+02	4.528485096882983498e+02
-3.056160000000000040e-03	-8.192449999999996957e-02	-1.412080000000000019e-03	1.210270000000000052e-03	-7.578869999999998132e-05	4.161850000000000141e-04	8.899707499999998106e-02	3.989646449999999928e-02	-1.914650056999999961e-01	1.740031994000000026e-01	8.054519899999999441e-03	-2.955420390000000619e-02	5.440766729999999690e-02	4.412602601313661239e+02	4.526243708726746604e+02
-1.764670000000000127e-02	-1.475710000000000043e-02	1.471429999999999960e-02	4.305590000000000090e-04	2.246449999999999879e-04	5.034250000000000530e-04	1.562535549999999884e-01	3.947723759999999943e-02	-1.113188895000000039e-01	-1.187722806999999964e-01	1.783206000000000016e-04	7.104320899999999779e-03	5.138369639999999794e-02	4.432610648716449759e+02	4.529504837245847853e+02
-3.450250000000000192e-03	-1.202799999999999980e-01	-1.801140000000000033e-02	1.199070000000000647e-03	6.166990000000000395e-05	6.102450000000000365e-04	2.043603549999999935e-01	2.021796279999999932e-02	-9.702798529999999422e-02	1.049580596999999949e-01	-2.395179260000000060e-02	-1.939161699999999988e-02	-1.379172260999999844e-01	4.426209841426494336e+02	4.531777581609451886e+02
-1.513660000000000179e-02	-1.706750000000000281e-02	3.578669999999999768e-02	4.006240000000000322e-04	-2.220329999999999797e-04	4.161850000000000141e-04	2.325073950000000056e-01	-2.527787479999999906e-02	-1.454956129999999959e-02	-8.472029949999999865e-02	-2.378902570000000077e-02	7.475227059999998980e-02	-1.225093438000000035e-01	4.437070278410961919e+02	4.536893537633122264e+02
3.835030000000000123e-03	-8.302059999999999995e-02	-4.567080000000000271e-03	1.274940000000000014e-03	-3.725469999999999823e-04	6.201439999999999904e-04	1.867179599999999884e-01	2.293419130000000014e-02	4.697070930000000338e-02	6.847416359999999869e-02	-3.605298369999999919e-02	3.261170800000000314e-02	-1.880139581999999976e-01	4.435636202931521552e+02	4.535061356278317817e+02
-1.711620000000000155e-02	-2.674240000000000297e-02	4.718159999999999715e-02	6.082439999999999722e-04	-2.967020000000000334e-04	5.888590000000000621e-04	1.676694099999999910e-01	3.732989259999999754e-02	6.448411569999999704e-02	-1.059017896999999986e-01	-7.071178440000000509e-02	9.393937419999999483e-02	-3.277196019999999849e-02	4.427492329040981076e+02	4.533269490047271688e+02
3.677699999999999893e-03	-9.620089999999999197e-02	6.449360000000000336e-03	1.272299999999999863e-03	-3.915280000000000366e-04	5.296680000000000658e-04	1.718882900000000546e-01	8.114585690000000739e-02	3.423659180000000052e-02	5.885030139999999910e-02	-6.313771790000000106e-02	-4.530641719999999734e-02	-7.128096759999999477e-02	4.428159935955172841e+02	4.529311805778802977e+02
-1.095329999999999915e-02	-5.726730000000000188e-03	4.497589999999999921e-02	6.096950000000000503e-04	-3.593709999999999852e-04	5.646609999999999390e-04	1.801194599999999812e-01	4.428113770000000060e-02	4.639298099999998592e-02	-6.464545359999999963e-02	-6.108793810000000268e-02	7.464181799999999693e-03	1.332263790999999864e-01	4.425888444137374336e+02	4.531133286205696322e+02
3.688620000000000093e-03	-1.033059999999999951e-01	1.530870000000000147e-02	9.469910000000001087e-04	-6.872650000000000005e-05	4.161850000000000141e-04	1.807092150000000064e-01	-7.547625060000000274e-02	-8.074165170000000002e-02	1.080187399999999950e-02	7.150108599999999148e-02	-1.154387682999999942e-01	1.107241575999999977e-01	4.424367525482105066e+02	4.534653559676688133e+02
-2.006589999999999936e-03	-1.032980000000000009e-01	-2.100540000000000046e-02	1.803699999999999878e-03	-5.932019999999999221e-04	4.851409999999999685e-04	1.145243350000000049e-01	-8.339210219999999840e-02	1.070545389999999833e-02	5.832242900000000202e-02	1.081690669999999938e-01	-1.178498632000000018e-01	9.542739190000000538e-02	4.450826780232250712e+02	4.538070141985753025e+02
-1.337209999999999961e-02	2.980239999999999972e-02	1.612129999999999813e-02	5.355869999999999934e-05	-2.834280000000000111e-04	5.133800000000000212e-04	2.860003249999999997e-01	-1.269425490000000156e-01	-4.235890509999999665e-02	2.715966610000000031e-02	-1.942980030000000108e-02	9.230841559999999890e-02	5.717041619999999741e-02	4.444921056583074801e+02	4.540535668957612643e+02
3.657220000000000089e-03	-1.282810000000000061e-01	-1.717130000000000045e-02	1.043689999999999896e-03	-2.228940000000000110e-04	5.993530000000000602e-04	2.652372350000000156e-01	-9.216689150000000053e-02	7.498586809999999159e-02	-1.091581165999999936e-01	1.124827560999999976e-01	-5.650614729999999669e-02	-6.779195749999999965e-02	4.440515703873458051e+02	4.540722064190294418e+02
-1.314809999999999937e-02	-6.448009999999999853e-02	2.693600000000000161e-02	8.371130000000000064e-04	-5.027529999999999890e-04	5.018080000000000717e-04	1.539125699999999985e-01	-8.938362260000000392e-02	6.925800809999999030e-02	1.076328119999999944e-01	-2.846613879999999874e-02	2.742604100000000083e-03	1.012507524999999992e-01	4.442192475013922035e+02	4.537626343812700043e+02
3.708019999999999806e-03	-3.669490000000000252e-02	8.008090000000000694e-03	4.630939999999999948e-04	-6.239740000000000130e-04	4.161839999999999984e-04	9.261242999999999559e-02	-4.075978069999999787e-02	-1.173779089999999956e-02	-1.040668527999999982e-01	6.226777129999999660e-02	5.530166620000000199e-02	7.976286970000000254e-02	4.414550369685843521e+02	4.535385951091618608e+02
-6.120079999999999965e-03	-1.074890000000000151e-01	3.354820000000000024e-02	1.169509999999999907e-03	-6.239740000000000130e-04	4.161850000000000141e-04	1.414831599999999967e-01	-2.476374199999999831e-02	-3.752357769999999787e-02	5.527782440000000158e-02	1.671907480000000071e-02	-7.219251590000000385e-02	5.838315539999999748e-02	4.432526907082614684e+02	4.532803460489103031e+02
-2.350459999999999963e-03	-3.741259999999999725e-02	-9.167969999999999245e-03	5.185489999999999848e-04	-2.876909999999999667e-04	4.161850000000000141e-04	1.659243900000000049e-01	-8.222173000000001022e-03	-7.983080730000000069e-02	-3.913460690000000047e-02	5.888863180000000058e-02	3.958944650000000010e-02	2.659555829999999885e-02	4.428373554660003606e+02	4.531653815838573678e+02
-4.668480000000000026e-03	-9.456230000000000191e-02	1.500279999999999843e-02	4.245459999999999837e-04	-2.606819999999999819e-04	4.161850000000000141e-04	8.968909000000001297e-02	-1.575780669999999814e-02	-5.898959310000000122e-02	3.122253629999999919e-02	1.353249129999999946e-02	-5.374981429999999699e-02	1.681365890000000030e-02	4.428835684417098264e+02	4.532888072477236960e+02
3.710590000000000156e-03	-3.240559999999999968e-02	-8.725949999999997944e-03	4.883830000000000029e-04	-4.017550000000000049e-04	4.161850000000000141e-04	1.045100199999999813e-01	8.933780199999999741e-03	-6.456539799999999607e-02	-3.079464839999999926e-02	6.392344919999999597e-02	9.078570500000000820e-03	-1.505424870000000338e-02	4.437669651401286046e+02	4.533172186260919148e+02
-1.548680000000000022e-02	-5.732580000000000314e-02	3.590619999999999229e-02	8.714239999999999833e-04	-6.239740000000000130e-04	4.855780000000000187e-04	1.224823899999999965e-01	-4.790678090000000111e-02	-7.991843179999999491e-02	1.100658560000000036e-02	1.038542119999999978e-02	-3.043131740000000127e-02	5.654950620000000205e-02	4.424545864146755321e+02	4.534936512119356280e+02
3.694550000000000004e-03	-3.339759999999999951e-02	8.542199999999998059e-03	1.893099999999999883e-04	-3.141110000000000018e-04	5.599620000000000031e-04	1.237915999999999461e-01	3.499716200000000527e-02	-7.553443149999999884e-02	-7.019146669999999644e-02	1.699558530000000109e-02	2.367054830000000012e-02	-5.723382900000000689e-03	4.419880369602398673e+02	4.532356095340080060e+02
-6.828520000000000249e-03	-1.125519999999999993e-01	9.773240000000000746e-03	5.433810000000000072e-04	-1.126179999999999982e-04	5.566149999999999961e-04	1.188540599999999975e-01	-4.795686550000000103e-02	-9.355943020000000165e-02	8.190918240000000239e-02	3.672090349999999892e-02	-2.887484369999999967e-02	-3.939703979999999855e-02	4.427980821905023845e+02	4.536449739460071555e+02
-1.135179999999999870e-02	1.361889999999999976e-02	-1.855099999999999805e-02	2.573590000000000274e-04	-6.239729999999999973e-04	4.161839999999999984e-04	2.059088199999999924e-01	1.203307370000000071e-02	-2.929891750000000045e-02	-5.908174499999999801e-02	1.146258430000000016e-02	1.309582877000000090e-01	-1.045112032999999940e-01	4.434793746587422447e+02	4.535573922429961158e+02
-6.296199999999999193e-03	-1.063359999999999861e-01	-2.203880000000000075e-02	1.234360000000000101e-03	-4.964260000000000070e-04	5.671440000000000032e-04	1.912737000000000187e-01	-1.027439309999999932e-02	-4.204162499999999740e-03	6.910551659999999985e-02	-1.535714330000000072e-02	-5.604439300000000658e-03	-1.812463699000000095e-01	4.427149220957904276e+02	4.535653723148180916e+02
-1.881390000000000146e-02	1.483470000000000101e-02	6.234309999999999852e-03	-1.195889999999999963e-04	-1.116899999999999962e-04	7.202730000000000070e-04	2.565522099999999472e-01	-7.158574200000000082e-03	9.494720919999999342e-02	-6.212974150000000195e-02	-4.771715950000000178e-02	1.508590757999999921e-01	-2.303473530000000116e-02	4.443135343780074891e+02	4.537728210010178600e+02
-1.516659999999999883e-02	-1.269279999999999853e-01	-9.386359999999999842e-03	6.546160000000000086e-04	-2.042690000000000055e-04	6.407890000000000070e-04	2.083440699999999923e-01	5.117425589999999996e-02	3.582240660000000215e-02	4.132379769999999786e-02	-4.697764730000000138e-02	-8.991029080000000062e-02	-8.367769179999999529e-02	4.438730766455956314e+02	4.531750704860280052e+02
-2.624759999999999940e-02	3.027159999999999920e-02	-7.714920000000000111e-03	-2.318109999999999800e-04	-2.483490000000000307e-04	3.527949999999999858e-04	2.308770900000000070e-01	5.334000309999999828e-02	7.935462240000000500e-02	-4.533844859999999755e-02	-1.955833109999999958e-02	1.134565691000000015e-01	9.227169059999999756e-02	4.439637967489178436e+02	4.531991849026460386e+02
3.494539999999999973e-03	-1.312069999999999903e-01	-2.726200000000000151e-02	1.014209999999999981e-03	-4.665250000000000234e-04	5.031869999999999919e-04	2.914972700000000305e-01	9.726257689999999456e-02	-4.157521510000000003e-02	4.188846620000000187e-02	1.008967300000000039e-02	-9.236577349999999798e-02	-5.266118899999999714e-02	4.437606069790411425e+02	4.526723010753641461e+02
-1.546259999999999996e-02	2.698809999999999751e-02	-3.473470000000000030e-02	3.011110000000000110e-04	-5.441120000000000245e-04	5.236780000000000775e-04	2.251837899999999948e-01	1.327324541999999885e-01	-4.940756570000000292e-02	5.182239600000000147e-03	3.491148709999999933e-02	8.701902179999999876e-02	8.102660309999999699e-02	4.435208190136360145e+02	4.525606298416142295e+02
-1.596420000000000131e-02	-1.217089999999999977e-01	-3.657659999999999384e-02	1.007200000000000196e-03	-7.187839999999999811e-04	4.702830000000000508e-04	1.977483999999999909e-01	1.299227211999999798e-01	-1.010701492999999951e-01	1.947856939999999953e-02	4.909006929999999713e-02	-1.279481178999999913e-01	-2.198697009999999938e-02	4.427653996917414361e+02	4.525822307844671855e+02
-2.995930000000000121e-02	2.503090000000000176e-02	-2.810910000000000145e-02	1.008110000000000077e-04	-5.578180000000000725e-04	6.705629999999999967e-04	2.325842499999999924e-01	6.152359610000000117e-02	5.024832000000000343e-04	4.063080499999999901e-03	6.680897300000000413e-03	4.515631719999999710e-02	1.589957310000000151e-02	4.434904239020956993e+02	4.532551698347941738e+02
-9.362509999999999236e-03	-1.117049999999999987e-01	-4.566790000000000432e-02	1.174160000000000047e-03	-6.691710000000000887e-04	5.861650000000000367e-04	2.383464899999999942e-01	7.019153740000000363e-02	7.080199200000001497e-03	-2.065136139999999842e-02	4.439891950000000170e-02	-3.315808399999999739e-02	-1.056206814999999938e-01	4.425004116976356272e+02	4.532998482826457121e+02
-1.733179999999999790e-02	1.406589999999999924e-02	-1.485419999999999970e-02	1.288150000000000059e-04	-5.656119999999999507e-04	9.159980000000000075e-04	2.384907400000000066e-01	-1.271555970000000022e-02	5.635385889999999787e-02	1.546771390000000086e-02	-1.828252840000000115e-02	6.990829919999999587e-02	-1.562251500000000001e-02	4.448201712627146094e+02	4.537435635027681542e+02
-1.910529999999999867e-02	-1.150730000000000086e-01	-3.493269999999999709e-02	8.338869999999997361e-04	-5.099730000000000452e-04	6.329449999999999920e-04	2.031791000000000291e-01	2.657901439999999990e-02	1.136506008999999956e-01	-2.593923750000000014e-02	6.789673399999999678e-03	-5.638631840000000311e-02	-1.431149594999999997e-01	4.446184159560099829e+02	4.537601292027977706e+02
-1.115929999999999873e-02	2.433190000000000006e-03	-2.218470000000000164e-02	2.650120000000000167e-04	-8.053319999999998579e-04	7.311629999999997350e-04	1.863227899999999881e-01	-8.423247199999998880e-02	1.400128018999999835e-01	4.100616950000000177e-02	-2.254780849999999878e-02	4.586568020000000162e-02	3.518532409999999833e-02	4.457646683384136281e+02	4.541132515285671047e+02
-1.508160000000000056e-02	-1.323660000000000114e-01	-2.692129999999999523e-02	1.284910000000000002e-03	-7.883869999999999854e-04	6.858960000000000751e-04	1.975635900000000111e-01	-2.534800499999999984e-03	2.012894389000000062e-01	-4.103549759999999824e-02	1.643517729999999927e-02	-1.215665799999999935e-01	6.927880089999999269e-02	4.458598469083522104e+02	4.536445923625311138e+02
-2.689590000000000036e-02	1.847930000000000059e-02	2.099679999999999860e-05	-5.293959999999999447e-23	-4.874300000000000139e-04	7.155380000000000464e-04	2.703773467999999736e-01	-3.197051009999999499e-02	4.766906850000000168e-02	7.586304990000000692e-02	8.067294200000000096e-03	3.724371419999999988e-02	1.502108346000000094e-01	4.427771467820433600e+02	4.535231741595598578e+02
